feature01;feature02;feature03;feature04;feature05;feature06;feature07
0.4180902;-4.5033803;-2.8137581;1.0327784;-3.8344529;-0.69126904;-0.3239933
0.5564976;-1.936288;-0.620021;1.7286938;2.9126093;2.0222516;-2.4999774
1.92178;-2.9408822;-2.9495268;-3.845153;0.98836243;3.762132;-0.36480862
-0.20979734;-1.8274757;-3.2175224;1.0091894;-0.79748565;-2.6463668;2.4479127
2.737262;-1.8590508;-1.6937579;0.05420633;2.8588533;0.9787391;-0.61698186
1.3679569;-3.6847365;-1.11791;1.0205201;-1.9789908;4.199245;-5.197502
-2.1750998;0.18570475;-2.6112235;-2.3959193;-4.0587044;0.8474569;-1.3210562
-1.5156406;-4.7215447;-2.3490784;1.7877535;-4.268295;-3.0819833;-0.64307266
-0.21374717;-2.2153091;-1.6962477;2.0326846;0.07712056;2.0629969;-2.1478508
-0.9311694;1.1777104;0.89091116;-1.8020406;-2.1664832;1.5169458;1.8993784
-2.5033634;0.5436409;0.31067738;1.5146893;-4.8142776;1.2929016;-2.3957493
-2.9116318;-0.8163738;-1.3263788;1.3636236;-2.8567984;3.5991676;-2.0711675
-0.79987913;-1.4971449;-3.2801528;0.6976467;1.0716891;0.46152234;-0.6434241
-2.2653072;-0.48351336;0.6537254;-4.3129325;-1.9966189;2.0815597;0.25376967
1.0680373;2.8296542;-6.4340215;-1.3296676;4.103614;-1.996556;4.82552
-0.96832305;-2.1576147;-0.95162165;-0.81691706;-2.169761;3.0820675;-0.28303352
3.3173993;0.21189545;-1.481012;3.0583076;3.442642;0.57135236;1.2346606
1.1674423;-2.7775078;0.8010041;2.3477328;1.2853824;3.5628853;-4.2021456
-2.3200312;2.0581048;-0.26188293;-1.832569;-4.932011;-1.1192645;-0.5854605
-1.3303059;-3.1112502;-2.807162;0.26698348;-3.7045949;2.5002553;-2.1928756
0.016551374;-2.4667895;-3.157883;0.42915046;-0.7309498;-2.3056142;2.5167823
-0.95766306;-4.336032;0.65519315;2.4570138;-2.2339435;3.5270667;-7.060673
-0.7848473;-4.0763144;0.72762847;4.067616;1.1208833;4.290746;-4.24043
-1.439334;2.5621183;0.22622243;-0.69068474;-1.1865983;1.8179013;2.7022939
1.9053038;-1.2610235;-0.42349255;2.856762;-0.05550326;2.934547;-3.5027068
-0.89959854;-1.4438995;-0.9734182;-1.2990361;-1.0604904;1.7941287;-1.4806657
-1.0886496;-1.8420208;-3.1940665;0.76318264;-2.3181849;-2.0496972;2.7298625
-1.6956803;1.2459079;0.009466662;-3.7226357;-0.45823136;2.0656676;0.94717467
-0.34680608;-2.9434407;-2.3357975;1.761647;-1.4996005;-3.1185303;0.049811613
-0.8685235;1.5662014;1.8896049;-1.2737614;-1.0062776;1.8730015;0.47786173
-1.831978;0.96385556;-1.3860893;-3.1315145;-1.9138628;-1.0524927;-1.1244413
0.7247084;0.973398;4.177984;0.14645842;-0.5791552;0.23497245;5.534149
-2.363533;3.3535187;1.1113733;0.96682495;-2.3471663;-1.0557129;-0.36543596
-4.973245;0.30193555;-1.1251438;-1.8472052;-5.3516917;-0.32325292;0.026434736
-0.13870724;1.777536;1.0922427;-2.4063005;-2.2739697;3.2196486;1.42782
-0.68182945;1.0266854;0.22926006;-1.2431096;-3.726109;-0.98751473;-1.728189
-2.3141606;-1.0284092;-2.7434235;2.4349115;-1.7304906;-1.9156692;1.4363868
0.3152585;1.442118;0.835484;-0.85392183;-0.8634117;0.5465368;2.9117656
-1.4704844;0.62347496;-1.6609877;0.6460957;0.445143;-1.6941421;4.2362347
-1.1774505;-1.5679865;-2.4209454;2.402826;1.480391;3.2706308;-0.80028754
-1.2987071;-2.3432925;-0.34699133;0.25767323;-0.44805962;1.9854662;-2.5147195
2.000098;0.25873768;-2.1504722;1.9880581;1.9683709;-0.06806567;0.27319318
-1.3419514;-3.1379595;-2.3768344;1.095405;-2.9963272;-0.9877939;0.7256669
2.657404;-3.17176;-0.9916643;0.52242815;3.547963;-0.17868683;0.5170771
-3.0771027;-3.0631788;-0.85263675;2.9086626;-1.6575536;-0.21550873;-1.5898677
-3.7955513;-0.23889588;-2.2488644;1.3814412;-2.9359121;2.4156535;2.9879687
1.4880161;-0.8851092;-1.6795735;-0.1115094;1.1905553;-0.38468587;-1.1800066
-0.9024535;0.63668627;-1.3851434;-4.234276;-1.550997;3.747717;0.8599554
-0.40176672;0.05647164;-2.1280394;3.395759;3.3531058;0.19032057;2.7260418
1.2632611;-1.0663791;-2.7528331;-0.322228;3.7692287;0.72055304;1.371588
-0.14089823;-2.064025;-0.90984523;0.99217355;0.44237685;3.0353682;-3.5623202
-2.5397336;-1.8785789;-0.66558546;2.6076796;-1.861295;3.320889;-4.101204
1.6317823;-1.9073532;-1.0598752;-0.015485879;0.9244147;2.6580293;-3.5740173
-1.0912763;-1.4227592;-1.9706682;-0.58842784;-1.1065159;1.4739114;-2.326712
2.5373056;-2.1762195;-0.23115042;0.9343426;2.3298943;2.0493402;-1.47082
-1.1335042;2.595493;4.866452;0.87467813;-0.22498442;-1.3594507;1.9101727
-3.0909684;-0.78289276;-1.3412867;2.05817;-2.5432498;1.9484414;-4.504255
-1.2548186;-1.995927;-0.6260687;1.4244124;3.5179136;1.2168366;-2.2723076
-3.0905712;-0.7610083;0.6522761;0.5307833;-0.24597183;0.22978361;3.5233188
0.60556006;-2.2565372;-0.38032904;3.5242999;-1.8041495;3.1969247;-6.0067616
-2.3512921;2.0871239;-0.49882847;-1.8983299;-1.897922;1.4335979;-2.8917892
-0.92665654;-2.2861102;-2.5864322;1.4744277;0.32312977;-1.8931929;0.9513195
-3.0680423;-0.82702357;-0.6681585;-2.5027037;-5.3843675;-1.4304112;0.94420767
-3.6701624;-0.8322445;-0.18327631;0.8820757;-3.0826597;0.70754963;2.473078
-0.66571075;3.3018363;2.3014832;-1.975082;0.06553061;4.36312;2.8521917
-5.8613834;1.2891873;-1.6400464;-3.3814025;-2.713121;3.078355;1.5026616
-0.09391147;1.5458909;-4.797822;1.6911564;2.0866804;0.1458251;0.63018847
-0.5826255;1.0412337;0.08503919;-3.051621;-0.48672628;2.5074258;2.4164493
4.1849694;-3.3933365;-0.024457635;-1.0372878;1.8029054;2.062683;-0.76324207
-3.7756984;-1.9056154;-0.684387;0.71718395;-4.150488;1.6896638;-0.9585919
1.1022516;0.5044111;-2.4687085;3.0214777;3.545199;-1.8198351;-0.19743228
2.499409;-1.0741432;-2.5232956;-0.29678157;2.1314347;-0.031733703;0.5712044
-2.0764112;2.043855;2.9139793;-2.876336;-2.090382;2.8069582;2.084556
-2.9036803;1.6349967;-1.9603353;-3.8041663;-3.1155627;-1.4229791;0.24343733
0.8558166;1.2030268;1.8802083;-2.5501695;1.4189698;3.5443141;4.9000363
0.7929189;-0.9825477;-2.9724946;-2.9178731;0.31234068;1.3719084;-2.2966268
2.631285;-1.8116466;-2.9825993;0.04935526;4.3735876;0.33508188;1.423126
0.28538907;-2.5598624;0.09399165;-0.6914571;1.8088309;0.4735183;-1.7707913
0.4656404;1.7895194;-1.8207821;-2.0738983;-0.6718816;3.4880207;0.60097957
-1.8237512;2.9918633;-0.91344464;-1.1428584;-1.3860943;3.1878712;0.8909168
-2.970249;-0.3253848;-0.8162487;0.71858406;-1.6407552;-0.539168;3.5346081
1.649847;-1.9463062;0.21488628;1.4085138;3.3263466;2.347595;-2.1013508
-2.2422388;-0.87481123;-4.5744042;-2.7755647;-1.0919081;0.74213797;-3.1973727
0.40394652;2.3691225;1.5067922;-0.5154751;-0.29629883;0.9669249;2.3793292
0.20835245;-0.8169329;-3.5006478;2.6544397;1.792896;0.24754974;-0.24235576
-0.19754122;-1.0966455;-0.5677014;3.625241;0.036892533;2.4286284;-3.8074017
-3.3593428;0.8367211;-1.0657098;-2.3451288;-3.1831849;-1.1375582;-2.4392192
-2.1603503;-3.7043364;-2.7044673;1.0980332;-3.6580617;-1.1918743;1.2365772
0.23423427;2.323552;2.6680086;0.14597061;-0.6894022;-0.107570335;3.0608902
-2.8518238;-2.480937;-1.1206777;-3.1429636;-3.4285896;1.0523365;2.3009489
-3.688309;1.5340791;1.3605866;2.4390306;-1.4608011;0.5629157;1.7407883
0.31845742;-0.6857242;-0.2168871;1.0351424;-1.858693;-2.5652025;1.5421536
-0.112749904;-1.2876012;-0.33867413;4.061944;0.30109116;3.2082582;-3.222082
1.0793177;-0.86543936;-2.2768335;2.3891492;1.953619;-2.1176062;1.1309481
4.8043866;-1.5116498;-2.2334101;-0.29140162;2.836045;-1.4005071;-0.17373522
-3.3817773;-0.7055749;1.8302474;-2.5644648;-3.3250828;2.0535119;2.0186846
-0.49833748;-3.4938564;-3.489808;1.6516362;-1.004356;-4.270012;0.6905138
1.0542278;-1.0839931;-0.7184624;3.3830364;1.5135843;2.3469715;-0.99747336
-2.978265;-3.4909241;-1.1511368;-3.9378521;-2.5666802;1.4574112;1.9570688
-3.5421662;-2.4173632;-0.16877441;2.1795285;-2.5946293;-0.20170714;0.13445076
-3.274826;-1.7951317;-0.6188133;4.025122;0.3375139;1.5880249;-4.1547117
-2.6178913;-0.5770317;-2.7952242;-2.2116697;-3.6613145;0.84133244;-0.9402918
2.0291836;-1.7811579;-1.3962586;-3.0722055;0.7338108;1.9533896;-0.9572889
-0.27867863;-1.4385705;-3.0603902;-2.697469;-1.9766177;0.8172885;-1.5899717
-0.43652925;0.7038234;-3.0972364;1.3434485;3.1377308;-4.9773626;3.9353566
-3.5907807;-0.19823964;1.0408355;-4.8175554;-1.4878726;3.4796631;1.0234306
1.1962066;-2.5927978;-4.43866;1.7375032;-1.8804268;-2.5469859;0.19016054
-0.82726634;-1.7467505;-2.4858758;-2.6908727;0.26371202;0.9263465;-2.0918934
3.601857;-3.0372462;1.2500894;-0.37433073;-0.5737386;2.4180846;-3.634717
2.056332;-0.8038444;-1.3831073;1.3899261;2.0149472;1.149913;-1.7480055
-2.1178348;0.44823825;-0.70804936;-0.023589922;-1.7690532;-0.0029501768;1.4737345
1.3186475;-0.34949738;-3.5017674;1.4423176;2.1128907;-0.7206322;1.4828677
1.7440295;-1.7265277;-0.44064245;1.0701191;0.95420706;1.5569139;-2.2331412
0.1158537;0.13302654;-2.5513227;0.16881146;-0.27190003;-1.9535177;3.397963
-1.312701;-2.0070949;-2.310652;1.5444905;-0.37646294;-3.000363;1.9023806
3.1221204;-1.6021758;-1.2582666;1.6747196;2.676345;-0.07339491;0.12067415
2.2951875;1.077741;-3.3610888;1.5702996;1.7131476;0.8932441;1.2919476
-1.1532867;-0.79829955;-1.335768;-5.02863;-2.3529005;4.423296;-0.45631972
0.6696114;-2.5625653;-1.1330369;0.90684205;-1.3253957;3.387143;-4.126363
4.4016824;0.68905604;-3.0610824;0.740152;2.6642442;-1.9929565;2.0732822
0.70852304;-0.8758057;-2.253669;1.291378;0.06681203;2.9858375;-0.29403466
-0.1857248;-3.2521803;-1.5187993;-1.0776782;1.7990261;3.3982723;-2.7266629
0.91185045;3.062744;1.3462226;-0.12339399;0.404579;1.4230456;-0.34767044
-0.15119219;-2.8889587;-2.7380183;0.23178206;0.6575105;-2.5434809;2.776607
-1.4892389;-0.90609086;-1.9207163;-5.9012575;-3.3611777;-1.7920077;1.7925454
-3.4400785;0.570873;0.24372149;1.6789728;-2.730494;0.25127584;2.1773078
-2.8011558;-3.4789598;-1.2332234;-0.24594745;-0.68188417;4.713076;-1.0715858
-3.1578214;0.24932855;-1.3199697;-1.4288877;-3.833468;0.56428915;-1.5722069
-0.57517314;0.3748335;2.2572553;-2.0695608;-1.070411;4.0156994;3.8004472
1.7572826;-1.3892804;-1.4353168;1.5949297;1.8727138;2.7308352;-2.4694061
-1.2469906;-2.074132;-2.7545373;-3.9531431;-2.391403;1.7473527;1.2815012
-0.14607967;-2.778991;-0.4454019;-0.26971346;1.8736789;3.2930841;-3.9178143
-0.13099404;1.50084;-0.48143363;1.1688403;-3.2575462;0.54888517;-3.1208596
-2.0467126;4.483807;3.0211163;0.35028878;-1.3636975;0.93435204;0.9216241
-2.0234923;-1.8348312;-0.5092426;2.0222247;-3.327453;-0.5868066;0.10675604
-1.324323;0.23571792;1.747926;-0.7175242;-3.6165326;0.29085347;1.4314853
3.2235005;-1.5766258;-2.38577;1.5358716;0.15107447;2.9251175;-2.4950879
-1.5275103;-1.264628;-3.0837588;1.5524685;0.8383301;-0.039108265;-1.911254
0.010936907;-4.11509;-0.8813734;0.8809763;2.007241;3.1179605;-1.6632019
-2.2592852;2.4820216;1.419537;-0.56787634;-2.395983;0.0178026;0.27185073
4.056655;-0.01911336;0.1652195;4.1200128;-0.5049214;1.237487;-2.0488126
1.0082949;-2.0111077;-1.7203774;0.7713889;0.49937823;0.46371618;-3.3324327
-2.7527032;3.509956;5.0638237;1.0198277;-1.266151;-1.0254252;1.3227563
0.28266865;-1.339832;-1.3684776;2.2593803;0.58944416;3.2108397;-2.459772
-2.391476;-1.3512774;-1.2365177;-3.3537471;-1.8702058;-0.23147799;0.11739816
-3.6969733;1.1754187;-0.9553074;-3.7268457;-2.4675338;-3.311681;-0.87461394
-1.0416414;-4.3173385;-0.80136704;1.0029267;-2.8738642;0.12021327;-0.39078516
-1.7261707;-4.0175786;-0.64699775;-0.96203977;-1.0936005;2.7979712;-0.63722855
-0.9543331;0.0053283605;-3.699127;0.6503787;-1.1493201;-2.9895167;4.635912
-0.581709;-1.846761;-3.2335522;-3.5962093;0.97312707;1.3076272;0.19580238
-2.4046276;-0.10606995;-0.8052428;1.953498;-4.16999;1.5204955;1.2017858
-2.4097514;0.48686993;0.34692144;-2.4950993;-0.8922133;2.0675488;0.30732512
1.3164674;4.5869703;3.2148032;1.6633257;0.3503104;0.20084995;3.6926377
3.0378063;-0.41034;-3.0968156;0.63385004;1.7585685;-0.5252412;0.8302738
-3.68109;1.5087913;0.40620035;1.461839;1.5413193;-0.99452394;4.2702966
-1.3828595;-0.6920159;-1.6770662;-1.1791375;-2.550234;1.5950274;0.5583113
-2.5369198;1.0886536;2.4513824;-1.1202785;-2.4669502;0.69789904;-1.8022676
-0.5031029;-0.6183453;0.19346382;-4.9206786;-1.2363013;4.8237376;-1.0275588
3.6258419;1.1346687;-4.005182;-0.7284547;1.7881827;-0.054519996;3.1512809
-2.588797;-1.792549;-0.3841927;2.187755;-1.6000257;-1.5912051;0.56164527
-4.0230117;-2.172422;-0.98349;1.8840262;0.69035697;-2.6907387;2.3765383
-3.6606069;2.185512;2.7170763;1.2544135;0.35569912;-1.3294989;4.0603633
1.5212308;-1.7575092;-1.5100166;0.34171426;1.7024629;1.6533624;-1.0605142
-2.9370987;0.8690368;-1.906908;-1.7450018;-2.2637477;1.7290452;1.6981266
-2.3403249;2.2267811;-0.46023735;1.7003483;-0.5279462;-0.5666716;3.2553585
-3.3940074;-4.2466927;-1.7460538;-4.3000803;-2.0061963;1.1380585;1.988541
-2.047952;1.2602997;6.702157;0.06725956;-0.9576017;-1.626057;3.1073847
2.1404865;2.327096;2.8288717;-1.7097695;-0.5968977;2.2411895;3.37192
0.96144074;-0.7655398;-2.0481796;0.36322263;-0.61144215;2.5342228;-1.3075107
0.105939925;-0.9079287;-2.0763605;1.5643878;-1.1876286;-0.95011646;1.0824575
1.2640212;-2.7264714;-1.4450366;0.8336339;-0.7659693;2.0847983;-5.0486336
1.1901596;-2.0114827;-0.64656174;1.6048018;3.5495925;2.0447533;-0.11208343
1.8798549;-1.8881046;-3.6802614;-0.025209127;-1.7554631;-2.0384192;3.0477061
-0.8378232;2.9201858;1.7557893;-0.8494258;-1.3380399;2.0759053;1.015832
0.21342154;-0.9072379;-2.7364273;2.8301935;1.2193656;1.4662529;-2.571862
0.8937217;-0.47645974;-2.566749;1.434221;3.6004004;0.9309204;1.5997741
2.0308673;-1.5785344;-4.070986;0.72352153;-0.7056821;-2.5752776;2.5069463
-0.6575958;-1.230925;-3.492662;-0.4494374;0.5348493;2.9807043;-3.8095129
-3.574176;-0.06833628;0.9113286;2.2447321;-3.2989428;-0.82786566;-3.1365192
-4.3209105;0.37694165;1.0286076;-3.6917453;-1.9721998;2.811223;-2.0584464
1.9319987;-0.056299336;-2.5305676;1.9504951;2.2828555;0.6659591;1.032978
-0.85361195;2.1376646;1.1167257;-0.76099163;-1.238461;0.11500521;1.1388779
-0.8951301;-2.06214;-0.8182103;1.4011796;-1.0348125;-1.174674;0.78981316
-0.9664371;-2.311751;0.047823455;1.2280434;-0.49305204;-2.4628716;0.6777349
-0.8933144;-2.2565782;1.1389482;5.8450866;0.024749266;2.4139774;-4.615255
-3.58339;2.5600655;1.6966783;-1.3610396;-0.12371753;1.3167822;1.22545
-0.9331313;-2.46071;-3.3644896;-0.5832397;-5.215675;2.6906025;0.18203618
-2.5244355;3.1829395;1.4346732;0.7691714;-0.9647144;1.1678036;1.7740419
0.8720508;-1.1864595;-1.3652;4.0407696;1.9642911;2.4573834;-2.9987912
-3.1493375;3.058402;2.1736705;-0.26560926;-2.5632205;0.37601468;1.4342515
3.7209978;-0.90327007;0.18448931;2.9687207;1.5103195;3.495737;-1.7489163
-2.761622;-2.387921;-1.716008;-1.5955852;-2.8858175;0.72971886;-1.5765635
-0.39609015;-1.121662;-1.9141738;-0.10492838;-2.741314;1.7654846;-2.5736895
0.29535627;-1.2438794;-3.6765552;0.88871944;-2.4980328;-0.82382613;1.6350468
-4.5596695;1.8498781;0.84650475;1.8389375;-1.546224;1.701721;2.8766038
-3.6215596;-2.0698986;0.68447626;1.2366431;-1.2694528;0.6351141;1.7005055
1.5480536;0.5995232;-3.6180208;0.06739759;1.7883039;-5.1234374;5.230742
5.239975;0.6167312;-2.6785617;-1.3136016;0.630114;-0.7809925;0.8784536
-2.067911;0.9731015;-0.2391084;-3.4993846;-0.6263655;3.250324;0.34414724
-1.0122527;-0.31157738;-0.25008062;3.8114774;2.0782518;0.46782127;-1.6073657
4.518441;-1.3904679;-2.7728682;-1.0173237;2.5197144;2.0142677;0.1231621
-1.6051887;-1.3439031;-1.4755025;2.1063225;0.09324434;-2.4678626;0.7994194
0.430101;-0.89886314;-0.010612815;1.2112812;1.9507464;1.2399503;-1.8901213
-1.8944658;1.6940646;-1.9511418;-1.9285429;-0.6866534;3.169792;-1.268117
-1.5198749;0.7233512;3.9578192;-0.7468725;-2.1424298;0.06300781;2.5349002
-1.6516606;0.5827219;-1.117799;2.0343108;0.91512597;-1.396767;2.2359767
-3.4894245;2.754946;2.2932074;-0.4405996;-0.05427671;1.3065027;-0.14990939
-1.5691242;-2.4126158;-1.2500737;1.3968538;-0.91879654;-2.4899182;1.0146781
-0.36270687;1.5364138;0.7500506;-1.1608372;-1.4282134;-0.8062078;0.46173215
2.5359218;-1.4988656;-0.7505752;1.968678;2.8128467;2.6507041;-2.1756525
-1.3084854;-2.1018682;-2.316048;1.5084124;-2.3360546;2.6838849;-4.666341
-2.9412537;-1.4982053;-2.6148183;-2.7184365;-3.3560536;0.72182757;0.051354695
1.1488452;-0.23736452;-3.456988;0.4377754;1.99549;-0.30586657;0.9502996
-0.7597336;0.51678497;1.8311979;-1.2363423;-2.9821343;-0.42495403;0.63014764
-4.2281523;0.32551283;-1.1388035;-4.1795177;-3.7107615;1.7239528;1.1030858
-1.9854674;-0.9776065;-0.7496008;0.24601117;-3.0944812;1.8617429;-2.8193352
-1.8569566;1.6999223;3.5401525;0.08551737;-4.8830953;0.7234378;2.6964242
-1.7902685;1.558503;0.73413646;-1.7826656;-1.8812966;1.6321104;-2.5725741
2.7477233;-1.2820234;-0.4580554;2.6430876;-0.9772888;2.0972276;-2.5364957
1.1967047;-0.35427094;-1.077101;-3.1156383;-0.345402;0.516638;-0.8082273
0.6103154;-5.745665;-1.9318331;1.057443;-0.87091833;-0.8743515;-1.5712997
-2.5631638;-0.6894727;-1.6965364;0.00691445;-2.2908635;1.5774441;-2.7606733
-3.354962;-2.6366677;-0.32116517;1.5240811;-3.7070541;2.7927063;-1.5107353
-2.4106867;0.8939842;-1.0649168;0.6463593;-1.2422216;-1.3949397;4.5487223
-4.065091;-0.6210249;0.5780073;1.7318678;-0.1840383;-0.7545854;2.632304
-0.85051644;-1.8299862;-0.26954657;2.4899478;2.1737378;1.7835857;-1.3098948
0.59161925;-1.2707478;-1.1667231;3.6076605;0.89747953;2.719463;-3.027853
-0.34747416;-0.19906947;-0.50370413;-2.3160627;-2.797491;-0.48662394;-1.0710001
-0.9967559;-2.5355003;-1.8620311;1.2121508;-1.7943461;-2.5258539;1.8463012
-3.4796689;0.10635698;-0.2684616;2.2947426;1.4260466;-2.1292548;2.1937604
-1.3485153;3.2322812;4.0118165;-0.89060634;-0.031993963;2.3959174;1.0428779
1.2177536;-3.3698828;0.10818002;0.34471548;4.397762;1.845556;-0.69173914
-1.8260077;-2.0413265;-0.6949097;-0.78511083;0.49007067;2.497795;-2.0726311
0.8255761;-1.360756;-0.7717347;-3.7973416;-1.3333155;0.4992557;1.1134862
-2.768741;0.7965957;-3.2972133;-3.2082312;-1.5413191;-1.1917324;-1.771795
-0.73390836;2.9356184;1.515812;0.5068321;-0.7275952;0.35810986;1.3929107
0.24383311;-2.9178126;-0.24622199;4.642839;1.8461928;4.4645696;-1.9575542
3.2113702;-0.41219267;-2.9167266;0.697978;1.0623487;0.6718785;-0.88177454
4.283843;-3.471834;0.30958524;1.6731088;2.7642918;3.7775552;0.43785277
-1.3106822;-3.2281048;-0.9642523;-1.5472777;-2.8982031;3.2276888;0.80745727
-1.5478344;1.2728935;1.325104;-1.4771615;-1.2653188;1.8723397;0.32471693
-2.741349;-1.0970361;-0.5154905;2.0072691;-3.2065012;0.9178239;1.3279736
1.2101194;-0.14388002;-3.6560166;1.3567328;0.38754624;0.3614002;0.19061936
3.427208;-1.310614;-0.5975622;2.041149;3.6109068;2.3381317;1.3351488
1.5190645;-2.09835;-2.7040877;-0.28374103;1.3814793;0.34603587;-0.5985698
-5.0905094;-0.9871821;-1.6907111;-1.8867981;-0.16552979;-0.06045082;-2.995576
-3.9036791;0.46032608;-1.3695292;-3.158039;-2.18635;-0.49124274;-0.7340411
-1.4518726;0.9611256;-0.17470945;-0.025795117;-0.6634411;-0.864577;5.295558
-4.009584;0.38638294;-1.3726537;-1.446267;-5.42981;-1.6869304;-1.5511723
-0.93402904;1.8724184;-1.0171462;-2.621157;-0.5890099;3.4198089;2.1851559
-1.0997462;-1.2648113;-0.37015367;1.4750031;0.44690093;-3.7658515;2.291001
-1.6799812;1.8747528;1.2559147;-1.9046612;0.82255113;2.6240485;3.1312525
3.095652;-3.4645057;1.3500326;1.0931515;2.4030263;4.206822;-3.3744924
0.0686965;-2.6914854;-1.6348331;-1.4176844;-0.49487022;3.4398441;-1.1411067
-1.5386229;-0.6181321;-1.4159786;-0.22827645;-2.0189419;1.7396785;-2.3974118
0.93607324;-8.283002;-4.3275175;1.8052621;-3.0207472;-4.5245976;-3.00053
-1.0766166;0.047735583;-2.492396;-3.8557916;-2.0687294;-0.5569802;-0.5461458
-0.23976108;-4.085389;-0.003684416;1.9990869;1.0053965;5.3143387;-3.270524
-1.9916575;-2.3964381;-1.198246;-0.25312847;0.30863443;2.3402991;-2.8085353
-2.8654842;-1.9528184;-2.7718766;-2.9894593;-2.1612625;0.14899735;-1.9045973
1.5567919;0.17877653;-2.3636332;0.021663642;0.7963705;-1.7419039;3.576785
0.29842073;-3.863716;-1.8333338;-4.260914;0.15282504;3.3370085;2.3653047
-1.0237316;-2.6492765;-0.30359676;-0.3227868;-3.317446;2.8359604;-0.19718036
2.9069178;0.5830239;-2.677097;1.7744234;1.8513261;-0.81220275;3.7926614
0.54246855;2.7980032;3.0867767;1.0598773;-0.6543445;1.0476702;2.9646466
-2.1559153;1.5101514;2.6644897;-0.82679003;-1.0704387;1.7154005;1.6281819
1.0931753;-0.030741213;-3.1871312;-0.4525604;3.4440346;-0.06459746;2.4569166
-0.2853079;-3.869613;-1.4552549;0.0391826;1.2440175;1.0833712;-3.3317103
-2.0710952;-4.2757225;-0.37591183;1.8501847;-4.9149933;0.032277975;-0.9453066
-3.0908263;-1.1372969;-1.085511;0.15278873;-1.4051535;1.930037;-1.7349337
-1.2926863;1.0164229;-1.2696705;-3.9166086;-1.5447445;3.7554595;0.96322817
2.2444286;-0.6355451;-2.7191503;0.4787107;3.4358754;1.4322877;1.7601104
0.19194698;1.3632648;3.7641459;0.46792477;-1.2901614;-1.0241643;0.5263218
-3.2876134;1.7946204;1.0333804;-0.89406174;-4.1362796;1.0440922;-0.93170017
2.621716;-4.0932527;-0.6213102;-1.2110304;-0.7543352;4.022893;-5.0123215
0.6056485;0.90781164;-1.8310822;6.319596;1.0583619;2.2139041;-1.0331478
2.1769383;-1.7455895;-1.9880335;-0.028911028;-0.038980458;1.7465274;-0.19138254
-3.4846432;-2.1493406;-0.7405864;0.37282604;-3.2680805;2.8712275;-0.12017542
0.2513917;-4.9257092;1.0735155;-1.614625;-2.4279985;3.9194334;-7.8056684
3.3238134;-1.9543921;-0.9213631;3.1806734;0.27794483;1.2295864;-2.5272326
-0.31376752;-1.0260439;-2.4137285;1.1310271;-0.5648541;4.043797;-4.3053017
-3.9912279;1.7912053;-0.058678195;0.011833032;0.13403186;-0.7220077;2.2568471
-2.759959;0.08521275;-2.7817569;0.68659794;-2.5079947;-1.0528065;4.5596347
-2.1310961;-1.6273501;-0.58044904;-1.5635954;-4.1208096;0.2880966;0.7957823
-1.7749217;-0.14156759;-1.0600876;0.6426976;-3.2883701;1.2508191;-2.7638571
-2.2265496;-4.1346774;-1.4540067;0.5386055;-1.298608;4.3146048;-4.367402
-1.7034011;-0.7037028;-2.370346;-2.1115108;-2.6679308;-0.87204844;-2.6029818
-0.726821;-0.38539755;-0.64561105;-0.95061105;-2.0226045;1.2141542;-1.8394053
-1.3027947;-1.4720877;-1.6206226;3.2668428;2.5607703;3.9235263;-1.2197534
-3.5639853;1.0870101;4.406802;-0.9695881;-1.5913963;1.8912915;4.423109
-1.8029919;1.090242;4.598802;-0.41859818;-2.0706336;-0.6700485;0.80425745
-0.6341461;-2.0907679;-1.7946315;0.67464954;-2.16003;-1.5278405;2.0018325
0.3682092;-3.6975117;-5.047829;1.3009409;-3.1579695;-1.2357513;0.4804337
-3.498977;1.2178156;-1.2089722;-1.0582001;-3.6049666;-1.659388;-3.6876476
-0.5171691;-3.6451166;-0.8232641;-0.71098113;0.33752966;4.95971;-0.46401435
0.4506373;-2.1551173;-2.3295379;0.4603476;-0.3085366;-1.0543762;2.064508
-2.1545117;-0.5925564;-1.1412946;-0.785214;-4.6707907;-1.213973;-1.6772985
-1.7019533;2.4967601;-2.1830397;-2.1808004;0.034417763;3.7240856;4.1076145
-0.9461528;-2.3978894;-2.3126118;0.035294212;3.6160831;1.2293425;-1.7468283
2.240739;-0.03979137;-2.0151713;1.4953398;3.443276;0.49026513;2.0272348
0.079497136;-1.4444294;-2.0668504;1.195235;0.10386315;-3.9726946;2.2905917
-2.98377;0.9065143;-2.08115;-1.5327759;-5.219485;-1.0910565;-0.993373
-0.10535311;0.5766544;-0.40241066;-2.601663;-1.5044093;3.2009897;2.6638236
1.5113219;0.6291016;-2.2991798;2.2305834;1.534159;0.591386;-0.43813446
-0.017275715;-2.7701678;-1.1393305;2.2347941;2.0900679;0.9807313;-2.7937307
1.6181598;-2.783775;-1.7996235;-1.9804397;-0.6144285;2.0929182;-1.3713223
-0.85810924;0.88714916;-1.0146356;1.653037;-1.1989073;-3.1569335;2.5670602
-3.397547;0.030233797;-1.5918556;-2.5998805;-3.1869886;-1.2992933;-0.87454087
-2.1133265;-4.124848;-2.391601;-1.3775322;0.45690316;5.682817;-1.4426154
0.24032392;-2.2708082;1.3575072;1.9819655;1.0711609;3.542226;-2.7991526
0.82197016;-1.9932197;-1.0959631;-3.0238097;-2.851693;0.39192322;-0.15109318
-4.211566;1.5446515;-0.3322268;-2.151898;-0.99462783;2.921428;4.4979033
0.48404005;-1.2396952;2.9962552;-3.7705543;-2.498738;1.0585122;-0.9175391
-2.2184415;1.026863;-1.7209657;-4.305988;-0.5683453;2.976207;0.06708465
1.536447;-2.7825754;-1.5186356;1.2410598;2.581933;2.5387833;-1.026953
-1.3632307;-3.0916934;-2.2061944;-2.531875;0.6583843;2.8136892;-0.55924696
-3.298715;0.055619996;-3.526225;-3.5773625;-2.5344553;-1.117519;-2.0106673
0.9877248;0.11353849;-5.0051928;-1.4434941;-0.1407571;-0.5028575;2.5557709
2.4216974;0.17020081;-1.5261679;4.6877995;2.46515;1.2498988;-0.81071264
-2.553062;-2.859068;-0.7542974;0.050377324;-2.6696956;1.8914069;-1.2821159
0.8075451;-3.3751154;-2.9989963;1.9163885;-2.0013564;-3.749279;-0.53178155
-0.36840916;0.2976879;1.2463402;-2.2714381;-0.83908236;2.1411264;-1.5839584
-1.299546;0.34974894;0.72236353;-3.0887952;-1.4029287;3.0978577;0.60618097
-0.86329377;1.5216107;0.65520644;-1.7112573;-1.2056047;1.1121173;1.385283
0.9371804;-1.8758373;0.062046666;4.4868407;2.1689153;3.880705;-3.3881068
-1.9432412;-1.6091727;1.2343867;1.4855543;-2.116157;-0.7545119;0.5134324
-2.5820017;1.2704562;3.8392892;-2.0962467;-0.0001059511;3.0109508;1.0122697
-1.9325585;-0.9341585;-3.0410242;0.6629256;-2.8776293;2.8762858;-1.9880154
-0.08208174;-1.6140391;-1.2401627;2.0683088;1.7036368;3.0533547;-0.8975463
-2.274676;2.8736887;1.6855226;-1.9856784;-0.043802306;3.0237854;3.3647606
-3.9588902;-1.8822827;-2.0481825;1.1330012;-4.754295;0.87160695;2.3095887
0.41827452;0.283987;-2.716232;2.2346964;3.4010544;0.6251704;-0.40509996
1.8375295;-1.2978643;-1.5504203;0.9441731;3.6557992;0.21521145;0.22305316
-3.963253;2.3150196;-1.2405419;-0.48418856;-3.0607586;0.7801612;2.5304146
-1.158847;-2.0786464;0.15604119;0.97636735;-0.5941556;-0.54624546;1.2588837
-2.4298527;1.6921409;3.2115216;0.9106104;-3.408274;-0.6402235;1.8934089
1.2413609;-0.082780935;-1.6480638;2.3831003;2.154098;1.2204633;-0.24266775
-0.2980708;-3.5066447;-1.5974144;-1.3229263;1.5222268;3.01624;-3.1235423
1.893745;1.0732162;-2.7288291;3.862213;-0.5642265;3.4758484;-2.6285083
-1.236673;-3.307592;-0.7471046;-1.242761;-1.1152557;2.0738847;-0.5536824
1.3158271;-1.3394017;-0.8128462;1.2282858;0.5505591;1.6011058;-1.6633813
-2.0632846;-1.7960099;-0.67427444;2.3539038;-1.8856136;-1.2839668;0.44601706
0.114003666;-2.7395008;-2.3492832;1.7025647;-2.4848537;-2.8068118;-0.09241226
-2.4211433;-2.920214;-0.9208639;2.221777;-3.109306;-1.6646388;-0.032261174
-1.5454617;1.3176805;-1.9922001;2.0364463;-3.2921824;-2.0489254;2.7432787
-3.127672;2.1501286;-1.1104496;-1.1125389;-3.3460124;1.5429002;-0.17275134
-1.6033468;-0.50694305;-2.00985;-2.1721702;-1.0010672;0.66333383;-2.2741761
1.2429966;-2.2611613;-3.8534539;1.6866994;-2.5479355;-2.7522812;-0.22024083
-0.2664455;-1.9136642;-1.8373489;-1.0889816;-0.4879113;3.5203793;-1.5275797
-1.3010577;-0.015239935;-1.8188401;1.1489736;-1.5466598;2.76628;-3.9157314
-1.4972327;2.1909976;-3.915628;-3.3610027;-2.082354;2.6956272;-2.5451093
-1.1149212;-1.1468344;2.1013944;-3.9136639;-1.4725747;4.2695947;3.324977
2.4738517;0.8301335;-1.6444505;4.64675;2.4874697;1.6025892;0.4569747
-0.17622508;-0.82617086;-0.9823077;0.095431924;-0.500472;1.9591624;-4.2699614
2.9850602;-0.15521346;-2.6440802;-2.3260558;1.5057399;1.8193187;-3.3382943
-1.0101472;1.4877523;0.38485146;-4.138833;-2.0330548;4.607569;0.6071244
-2.1549551;-0.48050755;-2.1072147;-2.1304693;-2.067303;1.8061588;-0.5045279
-0.39244202;0.7180199;-0.07209792;-0.84598464;-0.8048739;1.1505183;2.0962071
-5.534311;0.1740218;-0.96120846;-0.07328756;-4.4782624;-0.4994047;-2.12379
4.613758;-1.8300229;-2.464834;0.50396305;-2.4542933;-1.5434182;-2.4550138
-4.5854297;-2.4941335;-0.985087;0.26537907;-1.2804446;2.623315;-2.9292064
-1.4743592;2.0336905;-1.1644502;-1.8610077;-1.344013;1.9593012;1.4733009
-2.1735015;2.0712295;-2.2693357;-0.78534555;-2.8320181;-0.36427355;0.52238333
-1.742852;0.11125246;-1.1464067;-0.79289764;-1.6197923;-0.37114438;-3.215873
-0.18096702;2.2656693;3.85681;1.546223;-2.0575855;0.1947294;3.8966537
0.11248541;-1.687635;-2.3976598;2.0588264;-0.9217648;-1.9159195;0.23241413
0.31171158;-0.8006729;-3.0897858;2.8677573;0.6157824;3.1837895;-1.9796913
-1.2379073;-2.149335;-2.2629035;0.3040945;-4.2158337;0.4248167;2.1871262
1.938615;-2.1370473;0.270226;-0.5088534;-2.2123466;2.4167793;-1.7677307
-2.947708;0.11896703;-0.87646943;-1.9918232;-3.7743363;-0.12213835;-0.08617137
-0.29381067;-2.2803879;-1.7791373;1.0532309;-1.3746186;-2.0309198;0.66354704
-1.5744078;-1.2229124;-1.2956575;-0.9646319;-2.1326725;1.6043493;-0.97373813
-1.102908;-2.52009;-2.428506;-1.1773291;0.2729312;3.118433;-1.7364324
-2.3518033;2.8673158;4.011829;-0.42281854;-1.7310581;0.7564944;-0.23810785
-0.89420027;-1.412983;-4.390847;-3.8092284;-1.4888883;1.0920972;-1.610028
-1.2831832;-3.0127597;-0.077381104;-0.9462064;-3.9589806;1.8302314;1.152365
1.4365193;-1.4102683;-1.1090875;1.9641328;3.821681;0.6042567;0.7378298
-0.5826622;-0.29498634;0.58572865;-0.06485308;-1.0464026;1.7582129;-2.5359793
0.9821554;3.2966468;1.8262382;-1.1248331;-0.49255836;2.808967;4.070804
-3.8704607;2.3946948;0.71197623;-1.8782754;-2.447325;1.3158818;-0.2846162
-4.8673024;-0.70544744;-0.54335356;0.06708722;-2.6820734;0.7853873;-2.45041
2.4529998;0.16307761;-4.3416395;-1.5978147;2.8789265;-0.43808097;1.6183231
-4.4524117;0.26418817;-1.4454203;-0.8374369;-3.874853;-1.9588487;-3.5393562
-0.43601346;-1.8328954;-2.5837266;1.3266026;-0.5095322;1.3226695;-3.4662786
-0.011283607;-3.7875144;0.6527222;2.5191305;1.842622;6.2285266;-3.3885272
-1.7007544;-1.7628996;-1.6780859;1.2937584;-1.3689079;-1.6310952;2.1319296
-1.057696;1.2966489;0.51362246;-2.0588872;-2.7007723;1.817397;1.63278
-0.3024942;4.93831;0.9949361;1.0587583;0.19821195;-1.3239303;0.6205449
-0.47375187;1.4231814;0.92107797;-1.9092863;-0.7548529;1.732145;2.4522493
-1.7348764;2.0953956;2.7751052;1.5903889;-1.2748858;-2.499797;0.9974329
-0.003297999;-0.8702965;-1.716158;0.49395132;1.4193116;-2.6075988;4.212252
3.162361;-1.0298554;-2.0053854;2.1196942;-0.9779675;1.0270131;-2.4080346
-1.3794268;2.6806958;1.6629741;-0.5898692;-1.3427973;-0.45419878;-0.7199247
-4.6721444;0.9877433;-0.8068911;-1.339502;-4.2084055;-1.049174;-2.660297
-1.7189758;-1.9860893;-0.36806673;1.9170157;-3.6237905;0.61526424;-0.6028784
-0.03556791;-0.87422574;-1.153153;2.3995268;3.113332;-1.0375419;-0.49841547
-4.309204;-0.4886895;-0.91526985;-0.5429703;-1.942137;0.9774027;-3.2741241
-1.6888063;2.1807268;0.36482236;-1.7237473;0.16969071;2.6945357;1.6784858
-1.2889322;-2.2598443;-2.4660587;-2.8606768;0.22427008;3.0124722;-0.7350957
-3.2634423;-2.5407407;1.1127594;0.018627025;-4.8046727;1.5956693;0.8074849
0.975875;1.6376541;0.8278906;-1.7201723;-0.45096216;4.093084;3.2289624
-0.097593226;-0.68342996;-1.7213314;-0.31423223;1.3820472;-0.06953704;-2.6006174
3.459749;-2.054977;-0.6899603;1.2931721;1.5099264;2.4832165;-0.8940847
-1.7455674;-3.8434598;-0.94246817;-0.57025623;-3.9031568;2.678805;0.86693126
0.5208393;-2.1294558;-1.5181215;2.5661964;0.6105451;3.5536485;-2.066392
-0.9727983;-0.7565549;-0.78956825;0.23848815;-1.5709376;0.99077904;3.043216
0.99676156;0.7874449;-2.420951;3.2373893;5.044059;-1.0861117;2.2679374
-3.5437462;2.6771672;-1.1856652;-1.5670794;-0.37911987;1.0346137;1.5805278
1.5539112;3.3926163;3.0265434;0.79754645;-0.15096642;-0.61226207;2.2657464
1.6013293;-3.200201;-2.0509727;-0.66933525;1.1845361;1.4042842;-2.0336943
-1.4581653;2.4018843;3.8737104;-0.8070521;-1.2205238;0.16416202;1.8773072
-0.24909744;0.9067039;-0.051808663;-2.338208;-2.0193703;1.5088043;1.6775191
-2.6396325;2.1577091;1.2410858;-2.5500686;-0.09222841;3.0211442;0.073475495
-4.0559816;-0.6342253;0.06596973;3.2266786;-0.64225656;-1.5906165;0.21602091
-0.80336744;2.2756126;-1.1725218;-3.4373198;-0.15159188;2.4637375;2.0941072
-0.19898485;1.0665656;0.44941658;-3.9988031;-2.0279944;3.0993435;-0.62144303
-2.9295595;0.25993326;0.3879349;-1.7081244;-2.476623;1.5244895;0.18768175
-3.4680035;3.0894048;0.76625127;-1.5311772;-3.4941638;3.5567453;2.608239
-3.7013817;0.2064854;-2.293173;-0.2794492;-0.6134934;1.4042217;-3.712181
0.40307826;2.7423782;1.1812086;-0.009624315;-0.9647435;-0.5892744;-0.6248136
-1.4580635;-0.85989445;-0.81313366;1.595782;-3.5620623;0.48165178;1.033395
-1.2410414;-1.7334325;0.68297625;4.999766;0.9603264;2.9607716;-3.5875335
-1.2221643;1.6567268;1.6817399;-0.48365358;-1.0236685;-0.25406808;3.3328724
-2.784389;2.0003712;3.0515366;-0.42469698;-2.1213539;0.7157602;2.970654
-2.4341846;-1.1249892;-0.61487496;-1.325784;-0.78025204;0.8252548;-3.012042
-1.4156064;-3.9116464;-0.61232466;2.052336;-0.97642916;-3.4748082;-1.1875904
1.9394367;-1.6678728;-1.9651531;2.0210693;3.713982;0.19943756;0.750347
-0.5586284;-1.0245955;-2.345683;2.0423272;-0.3401347;-3.5769777;1.1057967
-4.676008;0.34648734;-0.47068077;-3.5145402;-1.8929197;1.3475604;0.07791794
1.6912149;3.7696912;1.4685593;-1.4210051;0.442939;1.8750407;0.885749
-0.5640362;-4.308967;0.71992815;-3.5110617;-3.153293;0.8032395;2.4176655
-0.81815934;-0.8273361;-2.1329207;3.0817895;0.40520453;1.4854928;-3.0239341
-1.9821743;1.6836197;-1.84686;-1.6660792;-0.7957737;2.7942088;1.446501
1.9098752;-3.1618028;-1.7495815;0.21204767;3.1870322;1.620548;-2.5973384
-0.29996377;3.099281;3.890927;1.271697;-0.98511964;0.85135907;3.723459
-1.3057655;1.6719409;1.9609017;-0.91818523;-2.2274618;1.2092718;1.8195751
-3.313354;0.76518655;-3.3017366;-3.8105345;-1.9670374;0.94116795;-0.6538222
1.1758851;-2.3928025;-2.231134;-0.9925307;0.41070363;4.340759;-1.5597441
0.2696852;-2.0596764;-2.8583536;-1.4866924;0.08690193;1.4330406;-2.8851736
1.9659538;-1.3786762;-3.1427927;-3.2460706;-0.61168987;1.815266;-0.5000507
1.8757329;-1.3283764;-1.8333126;1.2292224;2.0584733;1.0523164;-0.48059058
-0.98269004;2.5696077;1.3444581;-1.5578496;-2.5933065;2.2707667;1.107133
-2.4499004;-3.4009912;-0.6300516;3.7054017;-0.3996192;3.2661433;-4.8876715
1.8592949;-0.7079289;-1.3769447;3.7609582;3.199207;0.548327;-0.9093708
-3.0228353;1.0642511;-0.8924479;-0.3409338;-1.3216975;-0.2681039;-3.880381
-5.3614;0.23004155;0.85562485;0.78367186;-4.428576;-1.3779798;-2.935588
-3.6891198;-0.261996;-2.7559032;-1.505967;-1.9716076;-0.014894495;-2.5121615
-0.6519669;-0.8113587;-0.18829621;2.365014;-0.98702127;-2.4228044;-0.32645905
0.7453832;-1.3086637;-0.3535247;0.4625311;2.3301253;0.94649523;-1.7937679
-0.03249793;-2.3605475;-4.051956;0.5087559;2.470456;0.30191994;0.5095819
-1.6384988;1.1508399;-1.2100587;1.8849629;-0.83338886;-3.2365952;3.0087383
-2.1523795;-0.2478502;-2.9822748;-2.5758774;-3.074742;1.0497124;-1.1475239
-0.27707234;-3.7240577;-2.6922522;-4.3593273;-0.90046793;2.6156707;1.3383849
-0.17337462;-2.2112591;-0.76564693;-1.297242;-1.7725816;1.435068;-1.1466086
-0.21722992;-1.8422064;-0.9883042;1.519714;1.9986547;1.5959581;-1.2695376
-3.3357055;1.7843759;1.4533069;-0.3004194;-1.00819;1.1728576;1.982555
-2.6383228;2.5297775;1.8179648;-0.12483456;-1.8092191;1.7555974;0.82778865
1.6449459;-1.3322282;-1.9139975;0.011763769;-1.603188;1.1684852;-2.822318
-1.2897522;-0.9051518;-2.861949;-3.463577;-2.6432111;0.0331482;-0.10108416
0.025212195;2.9717221;4.348726;1.674805;-0.59418154;-0.759696;0.44624078
-1.417781;-0.11865485;3.8288655;-3.8386264;-2.0309162;3.766964;2.9764392
3.568432;0.45920953;-3.070144;-0.07427633;3.1563768;1.1701643;2.135096
-3.6845067;-1.2862258;3.5133681;3.4790282;-0.6459184;-1.337865;-1.9196929
0.2913443;-2.6924248;-3.8489323;0.9336324;0.5713584;-1.9330939;1.6161653
-4.935583;-0.46673834;-0.59426445;1.7410148;-4.4776783;2.0125294;-2.5449545
-0.015351539;-0.12742628;-4.6827188;1.6916709;2.661892;-1.598293;1.7404217
0.18291688;-2.2899618;0.5162801;-1.6752275;-0.78328234;1.029066;-1.3670092
-1.3539757;-3.1335328;-2.128471;-4.3981853;-0.72330195;1.234646;0.85754216
-4.8636723;1.1789153;0.59686285;1.4127085;0.9470997;-0.13479555;4.1535797
-3.6624875;0.26855826;0.22060037;2.2066882;-2.4405248;-1.1257128;1.9594817
-1.3541205;2.0719116;-0.8933341;-0.97888213;-2.3664196;1.1633582;0.70571226
1.5808258;-3.601741;-3.2533011;1.2979851;-3.6397433;-1.528497;-0.981777
-2.696263;3.181191;2.4316752;-0.2676323;-1.2388159;1.9538571;1.6330999
-1.7309374;0.23679638;2.302955;-1.0044649;-2.7279778;1.1965094;1.8899567
-1.2516168;1.1707497;3.0679758;-2.2949877;-1.7749065;1.1368395;2.2247894
-0.7806707;-1.1640487;-1.6076555;1.6234953;0.6349156;-2.733184;1.5581529
-1.4831177;-1.8768878;-0.28723025;4.0017495;-0.6468579;4.76002;-4.898469
2.8148885;-2.009133;-1.1033273;1.1385999;0.8216815;-0.27752298;-0.9770955
0.63487226;-1.2143356;-1.3189688;1.7214744;1.0693825;2.4871767;-1.4157763
-4.4631305;-0.8395228;-1.8769668;-0.24495025;-3.3740115;0.45609897;-3.1956325
-2.075525;-1.7391306;-0.60936767;0.38936746;-4.553149;2.4541557;1.244108
0.6720292;0.5434333;0.09294259;-3.9155004;-0.22510463;3.3923051;-0.2020209
-0.05817108;0.11843924;-0.42342496;0.7354212;-0.71397644;-0.54262084;2.539597
-2.9007645;-1.0045412;-1.4580656;-2.1874382;-3.544915;-0.44061443;-1.9805557
-0.088162534;-2.0123692;-3.5102205;0.8868614;-0.48848382;0.5167346;-1.7346388
-1.772832;1.3379323;-0.75560975;-2.5797973;-1.3975717;1.6704742;1.2587839
-4.667522;1.173546;-0.0005480354;-1.6434388;-2.8727512;-1.3924257;-1.6992024
0.8274235;2.9360597;-0.6973146;-1.1054443;-1.5896109;2.5586925;3.3175378
0.20087737;1.7328447;4.356116;-0.6317583;0.5724261;1.267787;2.6074102
-3.666341;2.184077;0.83789104;0.23710494;-1.4484013;1.3319583;0.491725
0.4148577;-2.992665;-1.9589276;0.8506919;-1.4090414;-3.037647;1.2651781
-2.5529115;1.143981;-0.24290943;-1.4175783;-5.501319;-1.0410746;0.34815663
-0.070215374;-0.6179491;-0.17802249;1.686697;-0.2995255;-1.8379663;0.77599674
-1.8880478;-0.82705027;-1.2251486;1.2538261;-2.5225017;-0.2506973;2.643196
-4.053949;0.43133977;0.57877225;0.052812904;-5.027531;-0.6051203;-1.7689261
3.4370258;-2.9167795;-2.050183;-0.78935885;2.0701218;0.37846673;-0.08242278
-3.7299883;0.99514985;0.57657707;-3.4135015;-0.93965524;3.161799;1.0708311
1.3881495;-0.24826531;-1.5188731;3.6885939;2.382346;0.9572836;0.26663864
-2.2649415;2.2208173;1.4846188;0.38916296;-0.7567373;0.5277777;-0.1903804
-3.1014173;1.1186104;-2.5934236;0.3754852;-3.5897865;1.3104147;-3.1080925
3.9035983;-2.0182195;-3.8368268;1.6745093;-0.7491297;-5.472584;-0.5975516
2.481696;0.63057214;-1.600137;3.772634;2.171082;0.2326386;0.8828869
0.5167331;-0.5069979;0.44546;3.4433079;1.0761864;2.0936763;-2.5066986
-4.0777106;-0.30810177;-0.12993461;2.6785488;-4.0544157;0.07559247;0.9693387
-0.85899246;2.6550958;4.7016973;2.065087;-1.7891487;-1.212147;4.06116
0.71457183;-2.7519033;-0.7724108;2.1512988;0.7309432;1.8828306;-3.3020158
-4.459043;2.2728634;-1.9591725;-1.4945728;-4.766253;-0.520187;-1.6684746
0.6269353;-0.10977647;-3.001745;1.1591339;3.4250774;-1.4781461;-0.50880903
-0.38941944;0.5545266;-1.43124;-1.3611225;0.10910591;0.26044527;-3.1801357
-2.119162;-4.9203057;-0.9636814;-1.924997;-1.3997927;3.1503992;-0.57129544
-1.1440297;0.6632024;1.2765541;0.6086488;0.5488521;1.2930231;2.6452487
-3.5085018;0.85939944;-1.4395051;1.43988;0.20605285;-0.48462164;4.460512
-0.4664041;1.1827514;3.9063528;0.31664446;-0.8702108;0.8602508;1.435727
2.4620123;-1.5771567;1.1514935;6.124278;0.45666742;4.6228485;-4.031594
0.121320225;0.76031965;1.5446274;-2.1849353;-0.05549847;1.0708326;1.5648019
2.7348747;-1.1268228;-1.4545513;2.386932;1.1675586;-0.5874551;-0.75134754
-2.1003761;-3.930045;-2.2856078;3.330459;-1.277414;-4.211167;-1.965136
-1.2854713;1.3502942;4.417386;0.5086834;-1.963352;0.77644825;2.8688748
-1.2855538;0.7045875;-2.903751;1.9300003;0.347927;-2.993944;2.983717
-3.5523827;1.439777;-0.7390804;1.0191101;0.2888569;0.97337955;4.608044
1.0832449;-2.1503875;0.7887694;4.6738534;-0.9120421;2.6303916;-6.4094567
-1.7723688;-2.5047946;-1.5442308;1.1232138;-1.0168712;-1.8143178;1.3563741
-0.8652708;2.306346;3.3366373;-0.4514129;-2.3193424;-0.31949618;2.1419034
3.5758874;-1.7718538;-2.8934774;-1.424318;1.2275842;0.60052276;-1.2267433
-2.999874;-3.5080788;-3.6076322;0.4690902;-0.025583366;4.7656827;-3.6277144
-2.7285328;-2.632872;-0.21862298;2.234422;-2.0404198;-1.2083116;0.19141662
-0.82180494;-0.048689056;1.0218903;-1.6949867;-2.1281142;0.80069304;0.046699163
-1.0779049;0.5085346;-2.6390958;1.8829006;-0.085935116;-0.55199677;1.9374927
-0.1317689;-2.7310164;-4.2150145;-3.1214232;2.3687785;1.8087063;-2.9701
-1.0186193;-1.4618179;-1.60973;-2.4018748;-1.6390855;-0.44540527;-1.7671969
-0.15894142;-0.3792411;-3.171875;-4.360227;-0.19057292;0.5840356;-0.20260608
2.6622028;-1.8996626;-1.3865435;2.4641213;4.169452;0.63361114;2.1425438
-2.689444;0.31186953;-0.8123414;1.3123587;0.41668862;-1.3858595;3.054324
-0.9493981;-0.5154236;1.8163496;-3.5138898;-3.71992;2.5229928;1.017364
-2.4530232;-5.174197;-1.8920814;3.1979418;-0.4265908;-3.0658667;-2.531419
-1.4557797;3.4032352;0.46759403;-1.3006897;-1.7724029;2.236535;2.7360988
-3.406158;-3.2793617;-1.2537771;-0.58888257;-2.9950473;1.9526864;-0.9013863
-1.7649876;3.847965;0.1816653;1.1670336;-1.6904236;-0.6746794;0.23293325
-1.6778514;2.3337352;-0.23287804;1.8573465;1.1859137;-1.5138994;3.399162
2.5947049;-1.6075735;-2.2652678;-2.9589972;0.66034675;0.9822842;-0.10060686
-1.2053237;-2.5102475;-3.7017028;1.9215407;-3.991928;-1.9089732;0.62378633
4.111596;0.7214139;-3.2353072;-0.5395511;1.1558033;-1.1058323;1.1430677
-0.73151433;1.6841085;1.1502434;-0.7399126;-1.2086377;1.3895475;0.5800598
-2.5064654;-2.1943393;-1.0254982;2.3870735;-0.337435;3.5295937;-5.5212584
3.5868335;0.36380652;-3.611741;-4.0904245;2.9985576;-2.7553773;4.6110563
-2.0612574;2.2113082;2.3603094;0.124284565;-0.8618248;0.12650223;-0.87335414
-0.34174863;2.6816442;1.8914359;-0.25933233;-1.3003503;-0.25886694;0.14698899
-0.61284375;-0.49911496;-1.8250749;0.89097065;-2.1378675;-0.69851065;2.934359
2.665354;-0.73798037;-3.812766;-0.8464027;1.3664124;-0.78158253;-0.51741743
-0.3133008;-2.2181933;-0.25157705;-1.8291142;-1.6921188;0.2586699;-0.9953396
-0.5010312;-1.4550557;-2.2504425;-6.2213864;0.44481805;-0.45079035;0.7373276
-0.86552614;2.9033732;1.2177117;1.0334074;-1.1541904;0.41073424;1.3859646
-2.4714847;-1.8818787;-2.5812457;2.604731;-2.3115983;-1.5099105;0.23095596
2.9404604;-1.2339854;-1.3722203;1.3490722;0.09082133;0.57614714;-2.6160116
-1.4482365;-2.4955251;-0.8619597;1.7538079;0.9759787;1.9649066;-3.4066396
-3.2810378;-0.8204639;-0.10042487;2.6842554;-0.29681998;0.5238826;0.06359499
-0.44623125;3.546079;2.0324385;-1.0074447;-1.3747755;3.1973438;1.8565925
-0.524579;0.56438595;3.6811273;-0.7896113;-0.7968113;0.0011243983;-0.6196196
-4.0059843;-2.3447447;1.1381749;1.8598666;-3.6086948;2.5446854;-0.6872013
0.7097485;-1.8029851;-2.6957774;1.5429428;-2.9195142;-3.1067073;0.84449697
3.0186431;0.73167086;-2.610955;0.25240454;2.9759722;-0.9117094;1.9840922
1.7370207;-1.8525949;-1.716643;3.1116636;0.4085502;3.4279845;-1.9695755
2.1080723;1.5480249;-3.3271408;1.2917181;1.4208286;-1.8483018;0.6911822
3.0373576;-0.56050223;-2.1538746;0.2247309;2.6482828;-0.188052;1.8189067
-0.28677103;2.90137;2.1985462;0.45127094;-1.0990394;-0.44288722;1.0282161
5.063178;-3.1245291;-2.0550623;-2.1439607;-0.24676853;3.3685968;-2.3554413
1.615124;-2.9236457;-0.84733284;1.0151867;-0.028310431;2.7235138;-4.1873984
-2.4018316;-1.1509533;-2.4033458;-1.5021756;-2.3744507;1.5754285;-1.2691176
-1.9835151;-0.5214087;-1.1862534;-2.3447638;-3.9864464;-0.6598051;0.35155302
0.40101057;-3.584798;1.0583744;-1.786167;0.27314907;1.2959565;0.24023478
-0.3810223;1.1477381;-2.0550222;0.94437104;2.5473466;-2.8495412;4.1608233
-1.4948999;1.2643795;3.608344;-1.2481421;-0.7256092;0.34854317;2.4396675
-1.6674576;0.089843996;-1.7285497;-1.6189226;0.42475864;1.4487429;-3.7637305
-0.48456055;-2.6140714;-2.1581695;1.2597072;-0.7152306;-3.9939482;0.9483226
7.9708004;0.30638063;-1.0576676;2.4785333;1.3883771;1.7815728;0.479941
-2.6281648;1.1823102;0.8572512;-1.9477118;-2.5791306;1.1300776;-0.92167205
3.983843;0.7804471;-3.849763;1.6502196;2.7501268;0.60247785;1.5365365
-1.1591831;2.3092158;5.093116;2.0538423;-2.8177102;-1.4500164;1.7524647
1.0241393;-2.736406;-2.523925;-3.6115198;-0.25863776;2.3520968;-0.061648183
1.7951322;1.6840107;1.2743895;-1.0276517;0.45567837;1.7895958;4.252158
-1.6735818;-0.9902616;-2.057858;0.6561;-3.6060104;1.0578656;3.392529
0.63819534;0.68056846;-3.9676564;-0.23994622;1.0832721;-3.1256752;6.39585
-0.023830835;0.8905038;0.93803346;-1.1117432;-1.7490042;-0.3403161;0.83675563
-1.1870002;4.5502043;-2.3661504;-0.046401232;-1.4529262;2.9677339;7.4116335
3.3936753;-0.4531796;-3.1534538;-0.48996827;3.441494;-2.0465703;2.8221097
-1.0295088;2.9584446;1.6176006;-1.9814336;-2.1425266;0.32314458;1.2486799
2.3507967;-0.5456796;-2.316001;3.5368786;0.45838732;1.0798755;-2.0993805
0.86599636;-2.4994678;-3.8492653;-0.4472973;0.37502578;5.3276563;-3.4667318
0.27937204;-1.3793856;-2.2228022;2.0892467;0.9333704;1.0640349;-2.6666298
-2.1824095;-2.5079873;-1.8040156;2.3941298;-0.74735004;3.3336248;-6.771586
1.9220359;-1.3227919;-1.5595411;3.8111851;3.6256173;0.5395724;0.35065535
-0.10552151;0.21679229;-0.27525172;-4.054615;-0.5254091;6.576908;0.5639031
-0.37083963;-2.9312053;-2.1127887;1.6798713;-1.6126302;-4.0769205;0.24923329
1.8036989;-0.51885366;-1.2129831;4.042892;1.7786592;1.218015;-1.6681046
1.0662993;-0.9593729;-1.5818366;1.5211104;0.8246992;0.775029;-2.0246277
-3.090907;0.51159483;-3.8355165;-3.7025483;-1.2926096;-0.6708808;-2.2218804
0.4724205;1.139578;1.0300981;-2.073751;-0.2726499;2.2820623;2.414909
3.9650424;-1.5207344;-1.9302855;-2.45668;0.8820644;1.8811752;-0.59336025
0.73650616;-2.2588038;-0.5660754;3.8715312;2.5236387;1.5316831;-2.926417
-5.183255;-2.9858677;-0.46544507;1.5250646;-2.9039476;-0.4498797;2.0144086
0.9501176;-1.3591073;-1.5962844;-2.9565773;2.4236822;-0.6483625;-0.30848005
-1.3186088;0.5126723;-2.5108683;-0.97899073;-1.0398585;1.7885575;-2.788247
2.2932742;1.5865723;-0.07430844;-2.9874475;-0.0119411135;4.3980627;4.166342
0.7761929;-1.8964951;-2.766711;-0.78944445;0.46491408;2.060912;-1.0275862
-3.365959;1.9399031;0.82362443;-1.278927;-1.6054009;2.062714;0.19096348
-3.0398824;-2.3673675;0.24820794;2.2748408;-2.9050467;-0.5472488;-0.20333017
-0.59511524;-1.3601967;-0.19105572;1.6351976;0.8058534;-0.71060854;0.40730038
-0.97904646;-1.9141072;-0.46703082;-3.6654716;0.64584273;1.8579466;0.18649538
-1.9288819;2.4191387;-0.65390426;-1.5321555;0.1852987;1.0406057;0.42702335
-0.75483143;-1.465863;-1.8337364;-2.1727479;-2.5515938;1.268227;-0.9263384
0.26502317;0.10668557;0.13992418;-2.9886818;-3.1882832;-0.6752206;0.14514267
0.40905046;-0.32714024;-1.9658293;-2.4830155;0.00049811817;2.0821958;-1.747916
-2.5344558;0.34781897;2.0672545;-2.03182;-0.90272516;0.51680064;1.0251666
-0.6313464;-2.150807;-2.7209299;-2.6555672;-1.6214509;1.2690741;-1.3358023
-2.491288;-1.789733;-0.41658387;-3.53462;-1.8571461;0.6907026;0.7025054
2.53944;0.71114033;-2.0920372;3.7025776;3.208045;-1.2752831;1.6924492
-0.4776747;-2.4248273;-3.2708712;1.8054751;-2.1298177;-2.2379642;0.39715204
0.17177038;-5.3458385;-2.623796;1.805446;-4.087005;-2.993591;-2.531536
4.3273644;-1.2783407;-1.0392907;0.26022756;3.3800328;0.9583852;0.4013387
-1.6604435;-1.7866062;-2.988883;0.8323684;-2.0051763;-1.9667506;3.2528415
0.38166097;-0.7796633;-0.3780751;-1.0134927;-2.6212118;1.5666026;-0.83726823
1.5126754;0.26603067;-2.1363811;2.1565843;1.1450353;1.3537272;0.6740978
0.01245172;2.308125;0.15627594;-0.545193;-1.2783709;1.5621531;0.9254185
2.163617;-3.568248;-0.30450165;1.3748424;0.47553414;2.2426648;-3.3262608
-1.107021;-3.5192084;-1.0365342;-1.440791;-3.10586;0.1932158;-0.7297267
1.8651671;-2.758832;-2.112743;2.1257744;0.22625352;2.0911899;-1.7894073
2.4968204;-3.5258822;0.6421134;2.9834163;0.75439763;5.511713;-4.143607
-2.6405127;0.6715921;2.9397118;-1.2291365;-1.1838646;1.7149869;3.0529392
1.0033998;0.71839654;-1.8204244;2.0229964;-2.023989;-3.4146366;0.46925518
-1.3507813;2.4894829;1.4304658;0.06715827;-1.8782854;0.951154;2.96545
-1.7987396;-2.337804;-1.0885842;-1.3279836;1.2147757;2.6748931;-2.7992141
-1.5964061;-3.0680542;-1.0803779;0.065470316;-2.0117602;1.8675355;-2.6206365
-4.305099;-0.3360178;-0.5803179;-1.6828666;-2.9711027;-1.6958482;-1.9776334
-3.8500295;-3.1597025;-1.2802011;1.5207262;-2.21004;0.84638375;1.0628185
0.73215914;-1.2357048;-2.9550366;-5.6691327;-0.7575334;-0.51235336;0.31790626
0.004340424;-0.49490714;-0.61478347;1.8373587;0.40208346;-2.5246968;0.7394241
1.1452218;-2.5377932;-1.5455083;-1.2763041;0.87737113;3.3713293;-1.6630669
-1.1918778;2.2504728;-0.7633475;-2.3990185;-2.0532334;2.2377415;1.0644175
0.5750988;-1.535961;-1.9834691;0.10607701;1.4761225;-0.13496168;-3.3597503
-1.3926504;-3.788187;-2.6330385;0.723119;-4.7580757;-0.20638406;1.3833711
-3.135613;0.8364614;-1.4941816;-1.1163112;-2.1789804;-0.39080006;-2.7204916
0.9914844;5.1841984;1.6765497;-0.23307484;0.095644586;2.4425776;-0.5607936
0.038799614;-1.5277056;-3.8080888;-2.9918342;-1.2087743;2.3085976;-0.902263
-3.4795442;-1.5490267;-0.11266733;0.9613446;-1.8005772;1.5011916;2.3860836
-1.984596;0.58014023;-1.570165;1.4680096;1.4929879;-2.7572694;4.299813
-3.663438;2.1077347;0.82178354;-2.379909;-1.3046784;3.0201433;2.7685845
-1.3395805;-1.6687912;-1.8122888;-0.9502449;-1.7822378;1.0217259;-1.9036964
-4.237499;0.20018819;-1.8635162;2.0506976;-1.9260733;0.3464581;3.0146563
3.4910333;-0.47860157;-2.0534818;2.4336882;-0.51430166;2.7479532;-2.7550273
-0.7181968;-0.61427927;-1.6967466;-1.9140965;-2.6359046;1.0502158;-1.8888131
3.7454276;-0.44255185;0.06105194;2.6741414;1.3642771;2.6242316;-1.6303462
-1.4267913;1.7404146;2.3660483;-2.2219758;-0.6502872;1.1840646;0.74896353
-2.5731223;-3.055078;-0.5957591;-2.3603258;-2.5746393;1.0532104;1.1946565
-0.27846175;-0.7633859;-1.2953386;-2.336185;-3.6351404;0.54795885;0.28387335
-1.3540797;-4.5995226;0.42665958;3.6071587;0.8537437;7.077372;-5.86229
-2.9869192;0.84637237;-1.7811246;1.1848152;-1.09737;1.5042372;3.7557218
3.733625;-1.8359277;-2.2594829;0.104444705;5.0249586;1.2269161;2.4984424
2.1622295;-1.2904063;-0.19179021;3.4818912;-0.10509121;1.4746242;-3.3500984
-0.00047850236;-1.0914907;-1.9475019;1.7076322;-0.69844824;-2.9064174;0.40177485
0.2510409;0.2261117;5.2496796;-2.1834974;-1.6038548;2.623208;3.179658
0.5639185;-3.9423103;-0.25531524;1.137661;1.149229;3.4291704;-2.7040198
-0.29301906;-4.212191;0.3321678;3.1275377;-0.50123817;4.4156494;-4.836783
0.1554675;3.386331;3.0103817;-0.9834859;-0.64399475;2.3071744;2.6497633
2.3795893;-1.7893462;-3.1186562;0.26230878;-1.3943771;-3.7895904;2.391065
-2.5570183;1.7802576;1.7156916;0.1826052;-2.026727;1.7525724;4.019214
2.243848;-2.3085475;0.04455961;3.7177167;1.6086173;3.9402654;-0.9063913
-0.49005392;0.08172067;-2.9463892;-6.075805;-1.5598102;-1.3358595;0.4563512
-1.5419217;3.0178099;0.47057882;-0.6719287;-1.24047;2.1267574;1.0868801
0.4830592;-1.6281646;-1.6912484;3.6283436;0.91753465;1.9543175;0.13178645
-1.2264425;-1.2172388;1.8868488;-3.3032544;-1.706496;1.8551563;1.7902805
-3.4621234;-2.5931702;-1.0035989;2.7171297;-1.2138739;-1.2704207;-0.5162751
-5.729056;0.9309447;-1.8382763;-1.2795595;-3.2779496;-0.16399008;-1.3407642
1.1396991;-2.118824;-1.298051;3.6345341;0.67341316;4.882137;-1.9356908
-2.3305993;-0.5263648;0.12842682;0.7356296;-0.30779192;2.0850832;-3.1936302
-4.4357743;1.8864309;0.2042772;2.334344;-1.1905665;0.103721954;3.2062106
-0.39446583;-1.7081723;-2.4651108;-2.004382;-0.17785838;1.5874013;-2.186691
0.4944252;3.5029442;1.2293656;0.4283871;1.1550119;1.2006587;3.3156393
-3.7754142;-0.8166243;0.23431021;2.977433;-1.2760091;-1.8004863;0.26839367
-0.49353114;-4.432827;-3.3355172;1.9534338;-2.8704085;-2.4654772;-0.79325587
-0.38861278;-3.4741552;-1.049089;-1.8082364;-0.6452208;3.515853;-0.5238979
-1.8076978;-0.62317204;-1.2251897;1.343389;2.3889258;-2.3391697;2.6008036
-1.1113168;-0.48891333;-1.7951661;1.7990282;-2.8871655;-2.6904202;1.2634846
-0.6440227;2.3570955;0.31684926;-1.5976917;-2.4556646;1.2772535;1.4954898
-0.90999275;-2.0182755;-1.6185188;0.6806351;-2.5797107;-2.138412;2.2921255
-0.70678926;-3.491731;-2.8930023;1.4034415;-3.890255;0.06949266;-0.30207852
1.8750914;-1.4666777;0.24168855;0.3839455;3.0930803;1.1429788;-1.9852157
-1.8044968;0.84891635;-2.593219;0.6150559;0.21685901;-0.6229125;4.8941007
-0.4772152;-2.8627975;-2.163062;-2.2631772;0.8612717;2.6030412;-1.016876
-1.3858737;0.8581182;2.7277832;-1.9359648;-0.8447755;2.7395067;3.633432
-3.525574;-3.226799;0.067917675;1.2738963;-2.2176661;0.034479152;0.48759854
1.0190747;0.3449434;-2.2009194;1.3992685;0.9811603;1.44508;-1.826806
0.096527815;-2.6893992;-0.022321725;2.7869277;1.3214417;1.0905983;-3.83671
-0.1938721;-1.4121494;-0.9645557;4.906444;1.7974058;3.4002817;-3.5958583
3.954819;-1.8986979;-1.8111776;1.5870826;2.5232327;1.272731;2.3169818
-3.4528542;0.024557132;0.0846336;-3.8617864;-0.33913106;3.657249;0.96790284
2.9242125;-1.4231439;-2.1081648;0.7395996;0.34088057;-6.0004554;2.158909
1.353461;-1.0608847;-1.3867164;1.1504921;2.6144922;1.3472391;-2.2138584
-2.016205;-2.534434;-1.2561811;-0.27889603;-2.3457608;1.8914745;-1.1786518
-0.74155176;-0.2612156;-1.084558;-2.2667334;-2.5649023;0.43051916;-0.7988441
-3.835595;-2.15105;-0.28309795;1.6948265;-3.2628717;1.4064986;1.0034494
-0.057950526;-3.1200051;-3.293092;-4.344044;-0.6715067;2.1041827;0.16787945
2.9396362;-0.6574939;-1.477608;-1.1737694;4.8593025;1.782287;1.9751155
-1.9275463;-1.1079805;-1.5816994;-0.26063126;-3.0828347;0.881205;-1.6293868
-2.7288618;-2.1173391;-3.2262106;-0.8182588;0.19350377;2.914193;-4.1139717
-3.244228;2.2948635;0.046163578;-1.9870837;-0.7717224;2.044768;0.9371963
-3.6500704;-0.53388757;0.2555805;-1.060523;-4.5730762;-1.339634;-0.68494964
-0.94921124;-1.0275929;-1.687023;1.2157259;-1.0646495;-1.1359215;1.9007235
-3.4775324;2.6045787;0.77845174;-0.6509518;-2.7348258;0.23361057;1.0608063
-3.892295;0.63712555;3.1881123;-1.2183875;-0.58989096;0.4214223;1.3267723
-3.8668807;-0.13068013;-1.8981755;-1.2298357;-3.3583586;-0.031944256;-1.3772091
-4.9201665;-2.9249208;-0.47940487;2.33621;-4.10429;1.4151865;0.0764895
-3.8722537;2.2551079;1.0443465;-0.5677002;-2.1159813;0.062968805;2.1660163
-1.841107;-3.5973768;-1.099067;0.99133843;-5.680194;1.1843249;0.12515828
2.5893145;-2.259777;-2.6273105;0.27693713;0.7350258;3.8858607;-1.041155
-1.7048227;3.4812863;3.714095;0.7723083;-1.7405785;-2.688851;2.071852
-0.8852755;-1.774569;-1.307843;-0.80138654;-0.89321077;2.0086224;-2.334315
-0.9481836;-2.239185;1.1439106;5.1052957;0.73791903;3.5564144;-5.060537
-0.7609085;1.6068199;4.2463894;0.50708973;-2.714731;-2.3941348;0.3485912
-2.3121996;1.1803734;-1.7299963;0.8582983;1.271686;-2.0080717;4.469749
2.4531677;-1.2914202;-2.264586;-0.55038077;-0.10286607;4.4119816;-2.584065
0.47427002;-0.4217526;-1.8447329;0.38881877;-1.968577;2.6797042;-2.0129478
-2.660171;1.4363902;0.14151688;-2.5676272;-0.016595082;2.5443213;-0.20213611
0.30078116;-2.9480371;-3.1506147;0.42606267;-0.35364124;-3.9735234;2.3894496
-2.2237556;2.304239;-1.7650679;0.62772447;0.6985472;-1.5597855;5.9310822
-0.7564913;-0.6023977;-3.1733491;-3.0854578;-0.07233227;1.658827;-1.4197401
-3.6207404;-1.0909771;-0.98357075;-0.93814474;-2.7018142;0.8570094;-2.1547284
-0.65668917;-3.5699785;-1.0809088;-2.4966934;-0.47614756;2.0323637;-0.548155
2.4141564;-2.5868025;-1.7928394;2.5205085;0.11831659;1.910455;-2.7409081
2.2432146;1.4922122;-3.898557;3.1156573;1.4342116;0.22499998;1.2900052
-1.1021028;0.43248528;-1.122608;1.033824;-1.5105426;-1.754767;2.8449733
-2.049329;1.7022778;1.6931063;-2.5627613;-0.5199914;2.6187918;1.0569351
-2.564095;2.7125647;0.95857215;-1.7626241;-1.3936682;3.1910527;3.1141398
1.8285569;-2.1500947;-0.5789762;1.8697462;-0.5009832;1.4546546;-4.492468
-1.0080884;1.7309277;-1.2502806;-2.480263;-0.05499373;2.8665624;0.6201165
0.3183355;-2.8818402;-1.1492535;1.4455798;-2.76833;-1.9542935;-0.33416218
0.5377077;-0.2916767;0.011649607;1.9945116;-1.3211929;1.3425277;-3.8675048
0.178727;-0.6260792;-1.788298;-1.5475689;1.2795364;0.57222104;-3.837907
-3.9943938;-1.0757662;0.8166735;2.3241682;-3.1224787;-0.41313255;0.25613996
-0.90675807;0.36294127;-3.4140124;4.2638645;1.7843044;0.056423098;-0.90401053
-1.3745729;4.935854;3.9596918;2.7092276;-2.1558933;-0.7290869;3.2365587
0.97537696;-2.589832;-1.4287559;1.9324288;2.8751078;1.5908017;-0.7839911
-2.0779479;-2.1383502;-0.42150655;-2.5368843;-2.4158776;0.5145672;0.027255638
-4.7309947;-0.42060602;-0.27105263;2.7418718;-5.2010365;2.5335753;-1.5631161
-2.4340453;2.886807;4.5519843;0.56626016;-0.9925127;-0.042805128;0.95390195
-0.46002632;-1.0072457;-0.58826554;-1.6972998;0.20684125;0.09513424;-1.8489455
2.334091;-1.7561015;-1.3909498;-0.039883308;-0.10114505;1.564453;-3.6915407
-1.3254726;1.5121263;-0.6145159;-2.3080776;-1.1551977;2.478848;2.1934266
0.6652705;4.4399;1.2984489;1.076946;-2.0384564;-0.09889517;2.1102448
1.0203907;-4.5576215;-0.39149377;-1.8977675;-1.3057586;3.8200474;0.52343273
-1.5280647;-4.6804166;-2.0277388;1.9103323;-2.0722566;-1.7602869;-0.53906417
0.8184342;-0.29615778;-1.4804733;0.7701295;-0.7570287;-2.8521304;2.2045987
-1.1990025;1.1917692;-0.4219086;-2.8252523;-1.8424114;-1.1600066;-1.0417787
2.6032033;-0.70678544;-1.8222482;1.3105205;1.1436901;2.3586173;-0.8120985
2.1151662;-1.4559975;-1.370008;1.998678;1.0761108;1.2582933;-0.6438857
1.8705146;-0.9061653;-1.7840198;-0.40406898;1.1071839;0.24342918;-0.72145516
2.236284;1.2990907;-4.631458;0.21064043;3.3991475;-3.38089;3.305318
-3.4949427;-4.5985365;1.6622683;4.222533;-1.7011503;7.0618997;-8.216378
2.3838792;-1.6471199;-0.8535808;0.33325762;0.4107218;1.6689065;-2.2556243
-0.6895272;-2.7288356;-1.1186236;-1.4756498;-2.498335;3.101149;-0.6662959
-3.085016;-4.2584834;-1.6792439;-1.4924275;-2.624608;2.6872005;-0.027072314
-2.4397125;0.2409468;0.7794592;-3.1261194;-2.2178802;2.699711;0.417852
-1.2321364;-2.8108568;-0.8385779;-0.21272527;-0.16116899;2.2129683;-2.2366638
-2.5221515;-1.9490968;-0.023950877;0.15768683;-2.6490715;1.5503807;-1.3035705
-0.8154451;-1.1523898;-3.4934819;0.29617366;6.0516124;-0.12415704;2.0896592
3.6548753;-0.6104648;-2.6865385;2.8030336;-1.0629028;0.14272271;-2.3545573
-3.9325745;-1.7562013;-0.64241827;-0.8783424;-2.2454722;1.5013916;-0.11620712
-0.79132307;3.8945165;3.5495212;0.6963334;-3.0411277;-0.2919589;-0.5262371
-1.6676588;-1.9485918;-3.8504937;1.0777506;0.47722334;-2.344381;3.1580422
-0.04105686;2.4555068;0.92307377;-1.9568748;-0.672149;3.4978075;3.309398
-1.0894011;-0.37053728;-2.384947;1.3095547;0.61002904;-3.4453223;3.1993797
-1.2161639;-0.90154624;-2.7499335;1.6121334;-2.4226387;-1.6063747;1.8913535
-1.1504343;-0.22536275;-2.706804;2.7677083;-0.5699592;-1.7885288;0.3340415
2.183663;-1.8556395;-2.7095711;0.23734608;0.23518488;-0.28607848;-0.7441676
-1.908945;-1.3177438;0.6980025;1.6952808;-3.5576875;1.1837978;0.1342715
-1.5618832;-0.38204145;0.19688824;-2.7940028;-0.6568102;2.1850479;0.39561668
-3.2782173;1.3331121;0.33934674;-1.3013808;-3.960129;-0.7182482;0.40394336
1.1773877;-1.0664083;-4.0816474;0.29502228;-1.4105327;-2.8713062;4.1239924
-2.7046542;-1.403637;-1.3637537;-0.8539021;-2.7323272;1.8214769;-0.78925514
-3.112602;0.60638887;-3.2486663;-2.3308504;-2.5170338;-0.07995521;-1.8623195
0.20629765;-0.788057;-1.4711859;1.9942647;1.7926623;1.5917443;-1.6572291
1.3706902;-0.85198534;-3.5324345;2.741789;0.12269396;2.5757768;-0.24029566
-1.9555478;-1.6639751;-4.379256;-0.40701678;0.28095576;3.6438558;-3.2709606
-1.9571248;1.0429461;-1.1819394;-3.6613069;-0.53995943;3.8837733;0.3556971
-0.5383721;1.3178282;0.13125083;-1.7391838;-2.473021;2.4720192;1.5575442
0.18585688;3.6250925;2.7995386;-0.7325226;1.0148252;2.3461483;2.5647087
0.4083645;-2.0855272;-1.6074685;-0.045825426;1.926514;3.7233164;-1.257897
-1.2351757;-2.5206943;0.8691705;2.4482307;0.6490106;-4.0551023;-1.3048072
-3.8368802;1.6982603;-0.125397;1.9544885;-1.8900578;0.31533235;3.3884742
1.3951423;-1.3915488;-2.8834367;-3.1655889;-0.26307738;1.7530307;-1.3731406
2.0245337;1.2679428;-4.3778825;0.8908114;2.8547707;0.3963754;2.4334517
-2.8105824;0.8991903;0.62848765;-0.9644345;-1.9243478;2.1136115;1.7375152
3.9035637;0.3122528;-3.810829;0.0856714;0.81490815;1.4694334;1.2885071
-0.94037;-1.1198351;-0.99875414;1.2064421;-3.871381;0.7117507;0.7991484
-0.8128113;1.8557526;-2.0145888;0.33095667;-1.682458;0.85906255;-3.5822797
-1.2697866;0.84810585;2.7171574;0.27511707;-2.0248609;-0.9141447;2.8553088
-2.9319117;-0.9652472;-0.8146062;-2.466362;-4.6007066;-1.1335092;-0.13122751
-0.5161804;0.8623626;-1.7946893;-0.6273224;-2.106203;-0.40265194;-3.957868
-0.10824674;-1.7324556;-1.322921;-2.6702685;-1.1209598;1.1040784;-0.8641036
-1.0987848;-2.1274362;-4.0730343;-2.8692577;0.46408653;1.0176606;-2.1885772
-0.8539565;-0.8226998;0.86104745;-1.8731112;-1.5824821;-2.0993;-1.9083198
1.4320444;1.96279;1.096203;-1.1791716;0.63292575;0.9240927;3.8159876
4.5138636;-1.2937951;-2.0576406;-0.0795613;2.6419456;0.53625023;2.2871912
0.10636382;-2.7719111;-2.5699039;-1.3114257;-1.5358578;2.5433857;-0.93681073
0.05146884;1.9604497;0.7358553;-1.1100847;-1.3139842;2.1762025;3.156178
-2.122608;-2.8698504;0.84787613;0.35052454;-0.08118141;0.11977906;1.7801123
-0.7093613;-1.6884031;-1.2172054;0.27102286;0.8289383;3.1885302;-3.3135445
0.60465074;3.1072776;4.0242324;0.3505825;-0.2822852;1.2690217;5.902278
-4.1377497;-0.057063136;1.9782344;1.4100912;-3.6613233;-0.3425997;2.2424386
1.8970554;1.5292221;5.904323;1.2269;-1.2897246;1.1485572;4.966576
-1.8382401;0.6545374;2.443887;-2.3295808;-1.8451488;0.5858621;-0.50984037
-0.63996464;2.3547423;0.37293294;-0.038815357;0.16614814;0.43318582;2.1684303
-1.7046757;2.9151442;0.3614547;-0.010178727;-1.2769145;0.3743543;1.0765455
-0.8470901;1.0557386;5.4363647;2.2272968;-1.3607665;-2.7991672;1.7360438
0.09864433;3.182032;1.7264277;0.29752952;0.3530824;2.8472824;1.7972252
-0.21195453;1.0616484;-2.1452405;-2.1031673;-0.38977987;0.76331013;-3.6035733
-2.3081985;-1.9960122;-0.7473731;0.9099755;-2.0888155;-1.0692756;2.3787882
-1.7753888;0.67442715;1.5054814;-2.4176888;-2.4172618;1.9787519;3.796403
-0.73442805;0.03289829;3.9614875;-1.4313668;-2.1206658;0.5884857;3.171985
-0.53448117;0.48708582;1.2794274;-2.8634639;-3.1380777;3.3902612;1.2722311
-2.5126724;-0.08055914;-2.2264;-0.31409973;-3.1542752;1.9688565;-2.8550642
2.6300385;-2.393928;0.7244666;3.9421954;-0.19866256;3.7985532;-4.2505913
2.0789576;-1.4752371;-1.8342564;2.2491903;0.14520222;1.8197614;-2.4029617
0.045781698;2.3984585;1.5249654;-0.6383511;-1.28002;1.3679616;1.8533792
0.5939671;-2.7987194;-1.382561;-0.35898483;-0.8119107;3.6718721;-2.50446
-0.7951807;-0.822436;-3.464602;-1.5129982;-3.224091;2.6619816;-0.7130335
-4.147925;0.742346;-0.76685053;1.2029274;-1.5984932;-0.47042468;3.932666
1.2698971;2.3036332;1.4054686;-1.790537;-0.17015041;2.49581;2.889641
0.75697756;-0.89912635;-1.1112025;-2.8554077;-0.10339617;0.7369208;0.16855058
-2.3384101;-2.1425402;-1.7241046;2.1349;-1.9363391;-1.5231454;0.9630409
1.7654175;-1.6153278;-0.87460625;1.5737005;2.422271;2.0169015;-1.5597398
-1.4250319;0.028983468;0.5703459;-1.6612197;-1.5574671;1.4213312;0.9387749
-3.4739726;-4.5965323;-2.4546008;1.7965264;-3.7211812;-1.588998;0.6221983
2.6792457;-2.0595846;-2.093491;-1.3746101;1.5986811;1.2144853;-0.71149296
0.710743;-2.5627315;-1.2480148;3.0628345;0.42614034;3.5422509;-4.1514177
-1.3169922;1.0651824;-0.3448497;1.8502201;-0.7659553;-2.8728912;2.2287235
3.6551855;0.87172467;-3.1854155;-0.22555228;2.8146963;-0.62778884;2.5307095
1.8631399;-0.64534986;-1.7183338;1.5747788;2.310619;-0.48198274;-0.48290622
-0.4735829;-2.39819;-3.9059076;-2.130142;-0.31957433;4.140251;-0.39147907
0.8539345;-3.3191135;-1.407192;0.84685093;2.2563088;3.1146898;-1.3622327
0.0758328;-4.8522377;-2.8993685;2.2584674;-2.7296274;-5.775924;-1.4731647
-0.936185;-0.68055654;0.90707576;1.6999835;-1.9320537;-0.31047794;0.18365058
2.5102365;-0.82597214;0.5119205;3.9944367;1.0698525;3.5936751;-1.9094344
2.274459;-2.5438359;-0.5223461;0.29827273;2.805942;2.334814;-2.5381963
0.113369554;-1.1158332;-1.6962456;1.5390253;1.1457677;-3.8827658;1.1765485
-0.76714647;1.1204404;-1.686474;-0.97117877;0.23709635;-0.0059844917;-4.417623
3.3540814;0.023911681;-3.3195832;1.4618744;3.0887501;0.39961147;2.6112938
-1.9682313;-3.0982852;-1.1797153;0.66444737;-2.0983052;-0.7408261;2.0775445
-1.4715936;-0.20814478;-0.73761064;-0.98867106;-1.7110974;1.1345764;-1.6612024
-3.5034177;-1.7485998;-0.04423446;1.5466326;-1.6234117;0.81019014;1.2135613
0.5216187;-1.8561682;-2.9410794;1.309419;-1.6122231;-1.4233176;1.1889206
-1.4149342;2.6875544;2.3078165;0.6776286;-0.58201116;0.17930809;3.621591
1.279499;1.4537334;-0.14324708;-3.2797189;0.4181991;2.335183;3.4634743
-1.814008;2.6984422;1.027549;0.193191;-2.2515852;0.48482335;0.8334251
3.92414;-1.3482927;-0.878834;1.1005938;2.6595001;-0.12737462;-0.79967517
-0.61946523;2.0112379;2.2001903;-0.71087915;-1.363399;2.7218094;5.385271
0.080899686;1.0405182;0.9270456;-1.971275;-0.07965269;2.0763683;2.4157097
-4.6680493;-1.5058242;0.06469019;1.348344;-3.6636918;0.50925124;1.9568235
-2.190372;-1.1721969;0.7102225;-0.7144029;-3.024723;1.3074684;-0.36752784
-1.7563207;-0.35278964;3.5137627;-2.7962918;-1.2602236;2.2917426;1.2123517
-4.615384;-0.04925935;-1.7571163;-2.7493002;-0.63254404;-0.7715138;-1.8159127
-2.0727913;1.7769597;2.3461702;-0.14516398;-1.5244511;0.028443625;0.50127065
-1.7406377;-1.8440068;-2.1217556;-2.5958862;2.2952976;2.3373046;-2.6810803
3.2949173;-0.54557943;-1.5828652;1.6579318;1.9992439;0.33562937;-1.6814169
-2.3340976;-3.3176003;-1.1776378;2.481971;-6.0912094;0.30823445;-1.3665148
-1.3105962;-4.474679;-3.0480337;0.97753465;-2.3332014;-3.1345837;1.6485251
2.2816389;-3.3652039;-1.5340908;-1.3352984;1.9769303;4.4765153;-2.227157
-2.890978;-5.068528;-3.0711029;-0.802442;-0.7843719;3.5969121;-1.3063091
-2.889664;-2.267734;-1.2812917;-2.944894;-1.4655737;0.7686884;-0.9436231
1.0641652;1.6979612;1.8522848;-0.90989244;-0.54300237;1.3895813;3.3373916
-0.87426364;-1.9585607;-0.9124314;-2.357655;-2.4789612;0.03500643;-0.91397095
2.1261072;-3.6125715;-1.8811363;-2.2830184;1.0032414;2.0031168;-1.6187924
-2.0424929;-1.9923205;-1.5370308;1.3609612;-5.374025;1.2538337;0.020871045
-2.6689923;-6.1109986;-1.9858847;0.20050736;0.43082213;4.811444;-2.4109538
-3.4883244;-0.060143795;-0.2495185;-3.0094967;-2.8618646;2.0472786;1.8056161
-1.9283744;0.9519958;1.3299526;-2.6452518;-1.0672356;2.9584136;1.4299158
0.4948568;-3.8688428;0.9536549;0.3407069;0.6703389;3.3549666;-4.8631496
0.4531377;-1.1448152;-3.0106156;1.5034719;1.1499969;-1.3581444;0.4301156
3.0101378;-4.094019;1.1847725;1.0149171;0.47933447;2.2798684;-4.7405043
-3.2790473;-0.53670716;-0.10021845;2.449686;-2.6813884;-0.29152915;0.72014856
-1.7152308;-2.9016204;-1.7542777;1.3860359;-4.7333097;0.24325994;0.17465816
-3.1725302;-3.4582675;-0.22732827;0.2298124;-2.391797;3.255856;-0.65620935
0.06998021;-0.42602524;-4.0023756;1.4617442;1.5738654;-2.7812126;3.0922241
-2.7276444;1.7068428;-0.48950547;0.86385936;-1.8103087;-0.82798743;4.4869933
-2.7664578;0.5231838;-1.6083142;1.5081714;1.1313848;-1.4016777;3.8532336
0.3094165;-2.2477365;-1.5421528;-1.9681119;-0.5480508;1.2254018;-1.6439829
-1.4908154;0.7199391;0.22027805;-1.6811324;-4.2823396;1.2517632;4.1205597
-0.5601192;-0.85379696;-0.17223805;-3.8505845;-1.4481366;0.11473422;1.5825255
0.22304435;1.214876;0.45400077;-1.5571282;-0.9956767;-0.25853568;0.2555828
2.1576455;-4.469111;-3.573838;1.6318506;0.23945834;-4.660864;-1.3163416
2.817971;-1.3660907;-1.4598837;1.1982238;0.82041717;0.44175473;-2.3305526
-0.95456684;1.0381422;0.3963557;-2.1253965;-1.6133835;3.4289062;3.6102502
-2.1700306;-1.407185;-0.9140011;2.0883348;-4.827661;2.112559;-2.605563
-3.0074508;1.4462956;1.2603917;-2.2532678;-0.8608898;2.2262678;0.3968796
-0.3132854;-1.583575;-1.3766055;-0.39045417;2.260511;1.3995026;0.532255
0.59335756;-2.6435018;-2.0727768;-2.8961408;0.5234364;2.852089;-0.42494848
1.0239567;-1.630735;-1.1613944;-0.4670275;0.339962;0.88466614;-2.1766064
-1.054993;0.9211657;5.0241785;-1.9853462;-0.61688215;3.7990007;1.7727671
-3.1528554;2.1162486;-1.1595024;1.17602;-1.5722551;-1.0619912;5.125273
2.0441134;-3.7385216;-2.2908;-0.0034369084;-2.1024191;-1.3286507;0.9897968
0.2578072;-4.3753386;-2.0126154;0.91948736;-0.3124081;-3.1820319;0.030460216
0.65042734;2.4372518;1.3018764;-2.6569257;-1.1665093;1.5156257;0.84177315
-2.7096145;-0.09172841;-0.8303038;-3.2410154;-1.8364762;-1.6513488;-0.70850974
2.602909;0.84567046;-2.0265431;3.9108577;-1.0576283;0.94832516;-2.8516166
0.48303875;0.11602802;0.6163168;-1.7433753;-1.5316443;2.601549;1.685601
-1.2310387;1.3564278;1.6925548;-1.0898495;-0.7174707;2.5109484;2.368778
-2.3255076;-2.416218;-1.288908;0.41182172;0.028865887;4.1207385;-2.5828576
-3.1109798;1.6929024;1.5029603;-2.056423;0.9758068;2.8259082;-0.33195683
-1.5687015;2.4615138;0.16057394;-0.7917855;-1.5211393;2.402862;0.68596864
-3.0670075;0.20615523;-0.5240177;-0.72261393;-2.967358;0.11006828;-0.8451118
-4.8696413;-0.76545095;-1.6586072;-1.9561895;-3.2235208;-0.23921618;-0.90943575
-0.2563359;-0.4351063;-1.8819462;-2.3624935;-2.684272;-0.83114105;-1.4913713
0.7227805;2.0726924;-1.2669047;0.7210088;1.4847401;-1.9719458;4.3363123
-0.020101594;-0.4197445;-2.6471543;-2.5388637;2.8176234;1.1268996;-4.7265754
-0.015818592;1.991925;1.330747;-1.5859709;-0.064518765;2.1430635;1.5402575
1.2673584;-3.7688057;-2.8390357;-3.1150122;2.1601574;4.8510804;-0.30964103
-0.49947178;1.0996529;0.8723476;-1.6197565;0.591748;1.4883187;2.5202386
0.81180656;-1.3138963;-1.5251721;-1.3814448;1.2307129;1.3919058;-3.771352
1.9300439;-2.537775;-0.22906277;3.6980443;1.1705421;1.9539145;-2.4327416
-1.6047633;0.27042428;1.1307408;-2.2177837;-1.6907573;2.0957081;0.29535902
-3.0369778;-0.7372514;-0.6467725;-1.0856563;-3.790416;-0.18846178;-0.3545485
1.0202483;0.80353945;0.28955126;-3.528213;-1.9830768;3.639026;1.9875635
-2.1760318;-1.6018592;-1.5710968;-0.22654836;0.92214996;2.3569849;-4.621827
1.9100286;-2.7358408;0.6549569;1.5031677;-1.3442503;2.877586;-5.276479
0.2502692;2.4266376;5.9869695;2.0901;-0.57886356;-1.0254756;4.6529217
-2.3552227;1.1936109;2.4350014;0.30021703;-2.0435088;0.0003728297;3.0258336
4.0744042;-1.2623214;-1.6897354;1.5757473;3.2228808;0.40355325;1.0860388
-0.06053683;-1.9988103;-2.2350807;-2.6646254;-0.2924161;3.2655106;0.1578223
-3.665384;-1.5950124;-0.83085734;1.9015484;-3.2703826;1.4834324;1.0967981
-0.9706616;-3.4459891;-1.7359993;1.8851396;-1.1980393;-3.8195064;0.20844667
-4.5277247;0.82582325;2.4799533;-0.06972739;-4.1358676;-0.59396964;3.3107047
-1.1491764;2.6553547;1.0579184;-1.7425324;-0.16216186;2.5342128;1.4351754
-0.3626075;3.0082724;1.1985273;-1.3591536;-0.030215606;2.6783838;1.6310718
-2.21365;-0.41725323;-1.5787073;-0.9097855;-0.21943945;2.057922;-1.5155534
-0.63989043;-0.2326534;-1.0122124;-1.9747214;0.3856236;1.0306263;-2.1254702
-0.19906405;-0.47099638;0.18369472;-2.625406;-0.22389919;2.0528178;1.3397189
0.8730393;-1.4445345;-1.5959346;2.1176536;-1.2213764;3.4085295;-2.1779473
-0.9201755;-1.4228102;-3.2015631;-3.9062688;-0.96628666;0.6227437;-0.34341612
2.2787592;-2.4705687;0.044918574;2.9278276;-1.580964;4.0549383;-4.5657973
0.99664843;1.3459771;-2.9841027;0.60883003;0.42361563;-4.200222;4.8812375
-5.651542;1.7027729;-0.62863994;-1.4363446;-4.2747188;-1.7913723;-1.2849945
2.0190432;-5.184596;-4.5846457;0.5479669;-1.3252937;-4.3504977;0.89566225
-3.2737203;-0.8007809;-0.89340395;3.3406224;-1.1159923;3.2224588;-5.7386656
-1.9743491;-1.8873249;-0.100303836;1.9061466;-0.98888403;2.800088;-4.454983
-0.92719185;-1.0180463;-1.8158572;1.5439817;-1.4461657;-3.6254978;2.1974497
-2.987577;2.088725;0.18645944;-0.4480923;-2.2963095;0.00012755101;1.236839
1.6637753;-2.1812944;-0.41834316;2.010564;1.5247338;1.8897977;-1.3519423
-1.8181691;-1.2532334;0.21470119;-2.3361545;-0.6787659;0.5458689;-0.021606157
1.0026144;1.2193352;0.8514518;-1.0278176;-0.55652285;1.1182408;3.2497482
1.3659159;-2.7419956;-1.1748908;-0.765685;0.4600463;1.8491007;-3.0290697
-2.3024242;2.97504;1.4574327;0.41413355;-1.491382;-0.3315868;0.203265
-0.017423457;3.0130498;4.583526;0.026810586;-1.0672115;1.0801603;3.8315475
-2.736523;3.0514092;-0.48145112;0.17738353;0.531025;0.6501938;6.529665
-1.6559607;-0.8435602;-0.60343724;-1.3575921;-3.6978247;1.7177851;0.03208814
-2.542966;2.3269172;-2.8336983;-2.9609141;-0.1498923;3.3159895;0.052833084
-0.49861172;-1.5744668;-1.5904438;1.27027;-1.0517774;-4.1908975;1.9577082
-2.5170245;-2.897966;-0.8180381;-3.1267147;-3.855116;0.75163865;1.0174695
0.4057032;-0.7959681;-2.9387307;0.18153283;-2.2630506;1.1674411;-3.6775877
-2.3102202;-2.030188;-1.619295;-0.26555312;-3.222748;2.9573715;-1.0611378
-3.122383;-1.4654627;-0.4869873;1.044157;-0.3603593;0.020268941;2.9572446
-0.6756245;-5.694281;-2.2046692;2.6953604;-2.7665966;-1.8380524;-3.5295594
-3.8425696;0.03027297;-0.17040847;-2.3868687;-3.2216105;1.8191763;1.3746556
0.47930768;-3.545438;-0.5121346;3.7450864;-0.9668014;5.0420523;-5.1051373
-1.6536523;2.2245924;0.28795207;-2.1623259;-2.5055823;3.1580486;2.4437013
-0.9105102;-1.7800134;0.4732877;3.3668191;0.84079903;3.177383;-3.6518276
-0.13867708;-0.018387528;3.7482166;-0.025230614;-1.6006548;-0.067724384;3.811154
1.5816067;-2.719299;-1.7173362;0.82629395;0.904915;0.4687048;-2.4119437
0.6780161;-0.8933287;-2.102309;2.8878658;-1.9862254;3.1081548;-4.7771263
-1.7019262;0.46343622;1.0042886;-2.9448614;-1.5764266;2.2707691;-0.39699283
-3.1909041;-1.4512423;-1.4595468;-1.4721572;-0.44918048;2.6311765;-1.7427301
-3.442868;-0.96521527;-0.1281047;1.7540281;-3.7998993;0.7560408;1.252129
0.08332312;-1.7048097;-3.0017922;1.1087581;-1.4159613;-0.8184943;1.88342
-0.6888297;-2.2717211;-2.7159169;-1.7805798;1.5003378;2.4609473;-3.7823124
-2.5972092;2.4892035;1.0676877;-1.2212074;-1.7883048;0.92059886;0.91873753
0.2821932;-3.591031;0.5133964;1.8417115;1.6579299;4.714535;-3.9250321
-2.0606506;-1.1348604;1.0420785;0.81535435;-1.1005571;-0.51526076;1.5258131
1.3975413;-1.912119;-3.365001;1.0081681;1.5483862;-2.8046193;1.2483585
-0.8711414;-0.88765544;-1.6561866;-1.9603145;0.0970223;1.4068677;-1.9328841
-2.081793;-3.0707169;-2.8263881;0.18030077;-1.8973795;2.7738383;-3.164037
-2.1958334;-1.2288412;-3.1510334;-0.5945723;-1.2594173;2.5978634;-3.0844142
1.7303984;-3.108318;-2.6323125;-0.4791668;0.84310377;3.8040586;-3.3575032
-0.81785107;-2.9232628;-3.7010093;2.185586;-3.6242304;-1.558479;-0.37972268
1.3214741;-3.9556847;-4.4016356;1.1298472;-0.11719278;-2.0517821;0.3195668
-1.0602585;2.6419249;0.56155205;-0.5174054;-0.84272516;1.8707907;2.0033648
-3.1003525;-3.7417517;-1.3965942;1.5764118;-0.7331704;0.630484;0.526285
2.9702222;-1.0276177;-1.7405663;0.8389762;2.2986054;-0.20147575;-0.73823726
0.84328216;-2.1291747;-2.807967;-2.4249632;-1.2278924;3.3703926;-0.043079335
-1.6100352;1.3570036;0.3526292;-1.2676673;-2.4333565;1.1996863;2.9069684
2.0246475;-1.153213;-2.4541783;-0.53545195;4.5869703;0.1460616;1.0613244
-1.4107385;-2.388334;-1.2077781;1.9495835;-0.6804861;-2.68919;0.91160345
-1.7860897;-2.5247703;-2.887782;-1.189661;-1.2304494;1.6919048;-2.6018956
0.7400526;-2.1320977;-0.40382564;-2.0783033;-2.1574054;2.0352235;0.10655951
-1.8547626;0.07891076;-0.43165478;1.8219326;-4.6551886;1.1298105;0.9827604
-4.1239023;-0.57672036;-1.474309;2.2583497;-2.3269508;3.3048286;-3.361871
-1.2705293;-3.6387475;-0.6855573;1.3515903;-3.3280194;2.0836096;-0.8259721
0.21751039;1.2051842;0.16302282;-2.758481;-1.7031068;2.6535857;0.06298537
-3.9754736;-0.042090777;0.10995151;-2.967038;-1.926387;3.4580235;2.225715
-3.3040302;-0.056814805;0.80376893;-3.2623777;-1.8114617;4.334779;0.56944877
-2.5076532;-0.6170287;-3.3500407;1.1397952;-1.9482965;-1.1924673;4.4330697
-1.748532;-1.7645462;0.06615317;0.5185347;-0.7100279;2.4462059;-2.9502892
-1.4316597;-0.10003042;-1.9591392;-3.5688882;-2.116052;1.292225;1.0671343
